path,ext,bytes,md5
.DS_Store,,12292,28006126f6afe62ec7dce1b5398d2182
03_pro_statements_BACKUP_2024.zip,.zip,4875151,6f83636a2242c1434506dc75aee66b11
1998_partnership_agreement_SIGNED_v_final.pdf,.pdf,8651,10cc812a3e3a572fd7d3c74ff8c992c8
1998_vermillion_publishing_admin_agreement.pdf,.pdf,4183,f687dba3175600604940515eac97fddf
2003_subpub_asahi_japan_Bsides.pdf,.pdf,4193,0999ad9e69b33a47958a7e806952006e
2009_subpub_atlantico_brazil.pdf,.pdf,3763,4aefb890556b8aeb137342c594490449
2010_subpub_cantata_italy.pdf,.pdf,3818,a55abd2de5f4082c4f13a5493e8e8b16
2017_vermillion_to_northbridge_catalog_assignment.pdf,.pdf,4882,3419632f057f6768d4c791c4c6ecb630
2018_pulse_sync_agency_appointment.pdf,.pdf,2459,c5ed0a0c0801624d6f07c68a656f14b8
20210218_pulse_to_lena_DEC_ROOFTOPS_sync_attachment.pdf,.pdf,3065,0ec39b14bf75c2216eda6855579724d1
20220911_naomi_tate_to_lena_PRS_complaint.pdf,.pdf,2300,4a4ea159e43851d63cfad10e62ecb5a5
20230214_naomi_tate_to_lena_PRS_complaint_FOLLOWUP.pdf,.pdf,2240,6bbe26e3d406dcb930cc1a3d95bdb257
20231114_tom_to_lena_misc_folder_cleanup.pdf,.pdf,2169,5eefa7b07c0a2faa204e9a8a8463eb76
20240108_lena_to_team_GEMA_internal.pdf,.pdf,2286,9c86acea062b21186ac6079e6167f7d7
20240306_hassan_iqbal_to_lena_uk_royalties.pdf,.pdf,2376,7c8adcfc2abb5b19b84cb10a5c8c69cc
20240429_lena_to_reeves_patel_akhtar_estate.pdf,.pdf,2563,1a296141e3d6990fc07aed9a9ab8bb62
20240519_lena_to_atlantico_brazil_chase.pdf,.pdf,2452,1f544168ccf1fcb3d5a3bd608158083f
20240822_petra_petrov_to_lena_banking_change.pdf,.pdf,2202,51f5e4fccf33b079242c501635e64f90
20250318_sgae_remittance_to_lena.pdf,.pdf,20108,935b0813ad588ae8568341594bd79468
APRA/2018-Q1.pdf,.pdf,19829,14663b5cdaff86d6e82755fda5941be4
APRA/2018-Q2.pdf,.pdf,19831,9cd1e36ef034a3157bfdba375e015a36
APRA/2018-Q3.pdf,.pdf,19835,13c900e8ca3710dbbfab9bf6d547f0fb
APRA/2018-Q4.pdf,.pdf,19838,4992d93aefb9079ace610e698c74375a
APRA/2019-Q1.pdf,.pdf,19849,2bfaf070b0ed2bc95cf223345164dce3
APRA/2019-Q2.pdf,.pdf,19849,f7f537dfd3f042eacc1c80081ebe9921
APRA/2019-Q3.pdf,.pdf,19849,f99d80d774054d5abff356409d39dc78
APRA/2019-Q4.pdf,.pdf,19853,8612b6155a431622b4ee94beb23d948a
APRA/2020-Q1.pdf,.pdf,19841,0dfbd2857d72a6bb36452afc9bca052e
APRA/2020-Q2.pdf,.pdf,19845,fca51be1aeaec37f3e4a0d24ac0fd127
APRA/2020-Q3.pdf,.pdf,19843,d938637fbc9b91dc62020b60059accfe
APRA/2020-Q4.pdf,.pdf,19843,ab3407d87f7ac09f7caaf43bdc11649c
APRA/2021-Q1.pdf,.pdf,19823,89be2c0fb6e6a25cca567b97ea753700
APRA/2021-Q2.pdf,.pdf,19821,11479262fcecc6c61615c3a6c1f97916
APRA/2021-Q3.pdf,.pdf,19827,cc384f72bb7f1dbabb67d72a7dd5ef8e
APRA/2021-Q4.pdf,.pdf,19826,aa306e746dd5a32bfde31c98a4dc42f1
APRA/2022-Q1.pdf,.pdf,19835,d83e0e57413091952c6de5a42e9c1259
APRA/2022-Q2.pdf,.pdf,19833,c84d0ab016e76822fba723bd530c8bc5
APRA/2022-Q3.pdf,.pdf,19832,f42d2b20655398abf2006335323fba4a
APRA/2022-Q4.pdf,.pdf,19831,1c13c70dada850693c96852b17a94b60
APRA/2023-Q1.pdf,.pdf,19832,d14163334a6dca79fb320f9c8df3454a
APRA/2023-Q2.pdf,.pdf,19832,d6f2fbb513ca0706a9dc86c64a4dad5c
APRA/2023-Q3.pdf,.pdf,19833,de91e5f5a0a9b6c1c56e08c0a17fc639
APRA/2023-Q4.pdf,.pdf,19832,2e669abbaae6b233903d8ad63ee80c6f
APRA/2024-Q1.pdf,.pdf,19834,24e01606e1a2ff8de46ff467ff46b9de
APRA/2024-Q2.pdf,.pdf,19836,bab7688da754e198aa52844c4f219423
APRA/2024-Q3.pdf,.pdf,19841,7b59ff02525af72bbbccfbe26f67d3b0
APRA/2024-Q4.pdf,.pdf,19842,2803cb4995c03ec34113b039ba7feac6
APRA/2025-Q1.pdf,.pdf,19814,97636b0f68f196bc2aed0cbd08123e49
APRA/2025-Q2.pdf,.pdf,19818,b95a0a19e0f465b3a0118872864957c4
APRA/2025-Q3.pdf,.pdf,19815,122af194b10bb571f595950c11798c1d
APRA/2025-Q4.pdf,.pdf,19821,8715825f70436c1a07cd6c515c8d2fd8
APRA/SOCAN_2019-Q3.pdf,.pdf,20221,da3e15b1b69c28da077ebbab23fd2e22
ASCAP/.DS_Store,,6148,25ea2f5e81ed92c854490932fef972bb
ASCAP/2018-2020_archive.zip,.zip,619597,3b28c03c524d7cdb7f0a0f58f0140faa
ASCAP/2019-Q1.pdf,.pdf,19751,0d13ef82141904f48a2f72f6e7160837
ASCAP/2019-Q2.pdf,.pdf,19755,6601df5269638f700d2c9c53df814ab9
ASCAP/2019-Q3.pdf,.pdf,19758,771a183aad1fc46870b405a393849384
ASCAP/2019-Q4.pdf,.pdf,19760,da054efc38dbe8e8753604eafafeffb7
ASCAP/2020-Q1.pdf,.pdf,19767,2db2b651e386e3594f1c0e62e64706ac
ASCAP/2020-Q2.pdf,.pdf,19766,59b9667983ffa36a6fbb46bced96f070
ASCAP/2020-Q3.pdf,.pdf,19771,37e9f9ea6152eb906e65c8a7cc965847
ASCAP/2020-Q4.pdf,.pdf,19766,c7ca5132fabae64231d2b098ef943eff
ASCAP/2021-Q1.pdf,.pdf,19756,57a014ab014cc82c635088b4dce21e8b
ASCAP/2021-Q2.pdf,.pdf,19760,477a84acca5753245c5f155be6e9568f
ASCAP/2021-Q3.pdf,.pdf,19759,af00480dd7120f148357bb2bed667340
ASCAP/2021-Q4.pdf,.pdf,19762,2cd4bd33a2553babc88791f53c792401
ASCAP/2022-Q1.pdf,.pdf,19759,0a907c5bb99d27493ef7a0f065bf64fb
ASCAP/2022-Q2.pdf,.pdf,19757,0e8d0bdc8f486bc5538c851edccecc15
ASCAP/2022-Q4.pdf,.pdf,19756,80132da51cf3998535c8885d1d7b63a6
ASCAP/2023-Q1.pdf,.pdf,19723,0d15b7386324fc75b6d04003b5281ad4
ASCAP/2023-Q2.pdf,.pdf,19725,fb29eaf16cc0aab6024ab898e69199ce
ASCAP/2023-Q3.pdf,.pdf,19724,ee728ed131b8c035b86d00614e92db7c
ASCAP/2023-Q3_member_portal_export.csv,.csv,3077,cf139b4dfb05133ad5a32bc6b5e8e58c
ASCAP/2023-Q4.pdf,.pdf,19724,f353c56c1dd57250c9aef4748e056306
ASCAP/2025/2025-Q1.pdf,.pdf,19743,cf355572f60289c9f7189b7fe5198844
ASCAP/2025/2025-Q2.pdf,.pdf,19744,4dbd76439c34174e1aad26d781dafba6
ASCAP/2025/2025-Q3.pdf,.pdf,19742,aeaae42317b4986330e026bccc11ae18
ASCAP/2025/2025-Q4.pdf,.pdf,19743,55f28596b4dbe30505fdf00bd630780b
ASCAP/ASC-24Q3.pdf,.pdf,19759,211e51b3bbc41ebc81ea2c9be1962600
ASCAP/ASCAP.zip,.zip,79482,fb619661797dc143c2141b51808c648e
ASCAP/ASCAP/2018-Q1.pdf,.pdf,19755,42fe40e7965bb99418b7b484860741be
ASCAP/ASCAP/2018-Q2.pdf,.pdf,19757,e705da737f440682d9d6b6db7f69d57f
ASCAP/ASCAP/2018-Q3.pdf,.pdf,19754,4cd55f7359fae4a72ac1e70ed9e42e69
ASCAP/ASCAP/2018-Q4.pdf,.pdf,19754,dc405914bf6c74e48ebad890e2f7f79e
ASCAP/BMI_2020-Q2.pdf,.pdf,19879,3f5efb73cbea239332db368b27cca11a
ASCAP/Copy of ASCAP_2024-Q4 (1).pdf,.pdf,19763,586b7dfda7a591a4c23fc6392d5989a9
ASCAP/statement apr-jun 2024 FINAL v2.pdf,.pdf,19762,cc9e6a81eedd2468a7129201ccbc14a6
Amazon Music/.DS_Store,,9,a6fc46eb15a980911cb10cc336c3a8ec
Amazon Music/2018-01.csv,.csv,1756,95545f5c55143847becd78ec085ccc78
Amazon Music/2018-02.csv,.csv,1757,449c9919959999b574ea2d6845846329
Amazon Music/2018-03.csv,.csv,1755,101f176988509dcf888a779013def875
Amazon Music/2018-04.csv,.csv,1755,655d309d43ae0586dbd647b57e5847a2
Amazon Music/2018-05.csv,.csv,1759,3657626dbbe634019190cfd1cafe25fc
Amazon Music/2018-06.csv,.csv,1755,520bb9ed1b0dff2584ae2d3f0275285b
Amazon Music/2018-07.csv,.csv,1757,c67904d0c8ecdd694c0a380eb6a95cf3
Amazon Music/2018-08.csv,.csv,1755,72cfc052cf8dbbb22e4c7a672102c4cd
Amazon Music/2018-09.csv,.csv,1755,2fb62c8772536e386d30171a69901668
Amazon Music/2018-10.csv,.csv,1756,674dd3c306af9c1bb6cebba4231f4fc0
Amazon Music/2018-11.csv,.csv,1758,d3163cb0b05d7027de7ceedce87655d1
Amazon Music/2018-12.csv,.csv,1755,eccce35718c2d46f41fd655ddf4a6af1
Amazon Music/2019-01.csv,.csv,1759,60e44d2d35327806c267bcad443caafd
Amazon Music/2019-02.csv,.csv,1760,45e756b7e2e05a79b1758f9dcbe86d48
Amazon Music/2019-03.csv,.csv,1757,25514efabe178d052cb254996aba4fc1
Amazon Music/2019-04.csv,.csv,1760,c139e6ea8bcb9da7b3fc9fd719f07e7e
Amazon Music/2019-05.csv,.csv,1758,5b99b7944d8071fe212d56ff8fdc158e
Amazon Music/2019-06.csv,.csv,1760,b7cfc3462e48259645b69642855bc71f
Amazon Music/2019-07.csv,.csv,1757,d6268ea9806ad382a6030a5fe13c649c
Amazon Music/2019-08.csv,.csv,1759,1c9aa8cf6ab5b83b5577444e4e48d13d
Amazon Music/2019-09.csv,.csv,1758,27401c020498bf1a63e94c75660960e8
Amazon Music/2019-10.csv,.csv,1759,af4336c94fdc0dd30d07cb087db49f96
Amazon Music/2019-11.csv,.csv,1759,f9931c1d98def20cca6d7c50442dc135
Amazon Music/2019-12.csv,.csv,1758,6385af31cb1dd546c862adc240a0f48b
Amazon Music/2020-01.csv,.csv,1755,117bf634752ca55932455cd23ba8540e
Amazon Music/2020-02.csv,.csv,1757,9ff4cdf3c9fc914c2124ed843293a7a5
Amazon Music/2020-03.csv,.csv,1755,d2a62ab23455d7ae0f8964043d1bfaa7
Amazon Music/2020-04.csv,.csv,1757,0c11bb7ecd1da9bb71f6c4f3b2ec558b
Amazon Music/2020-05.csv,.csv,1756,055ac75f42aa12884f6d540eaa225ea9
Amazon Music/2020-06.csv,.csv,1757,ecaf3e94df9a1b84dce5fb71c4b577d2
Amazon Music/2020-07.csv,.csv,1755,9644c4ac289d80a5c4534ffa20391d15
Amazon Music/2020-08.csv,.csv,1754,4815ba91d7bc7aa8623b38e3dae3aef5
Amazon Music/2020-09.csv,.csv,1757,26d2ff15fcd1ef693206bedac8acd4c1
Amazon Music/2020-10.csv,.csv,1757,4b593f0966ec76cddf4bdd4679ce6374
Amazon Music/2020-11.csv,.csv,1756,4e96e1fe234986f742c17b0045488879
Amazon Music/2020-12.csv,.csv,1756,e908b1d5b66ae0d1f705ca7709ba4fc8
Amazon Music/2021-01.csv,.csv,1758,68e2451f3540cc830cd03d55e5a6e390
Amazon Music/2021-02.csv,.csv,1757,eb8f194cf232347b2b96cca2afbc06ef
Amazon Music/2021-03.csv,.csv,1756,b255560b8841d3f4ebb293b5e00297d1
Amazon Music/2021-04.csv,.csv,1754,5749f8d5c5e297913a353342d6240a29
Amazon Music/2021-05.csv,.csv,1756,2683a5d3bb22cbd684a3288250d11df0
Amazon Music/2021-06.csv,.csv,1756,7c1368a4903a1f44b5a18f5449f0b1bf
Amazon Music/2021-07.csv,.csv,1757,c3843964fef1e58ae0f006a8ef1965af
Amazon Music/2021-08.csv,.csv,1756,70d91254863cc2a99547460043ef3722
Amazon Music/2021-09.csv,.csv,1757,a21205da1602b30818bce9216ca80c71
Amazon Music/2021-10.csv,.csv,1756,9caa157b112ad3a3db837e89380b7e48
Amazon Music/2021-11.csv,.csv,1757,a111ebeeecba1bd1377dacee835de592
Amazon Music/2021-12.csv,.csv,1759,ee46fc9d12083231643b295d1f71cfbd
Amazon Music/2022-01.csv,.csv,1756,cbb9821ebf6e3d4d2475e4faa7fe4a54
Amazon Music/2022-02.csv,.csv,1755,ee05d9db4b05ee30dec08f19a5953dd2
Amazon Music/2022-03.csv,.csv,1754,c9bf693793f3f46053b9ce88ae4b7e0e
Amazon Music/2022-04.csv,.csv,1754,f9b13c79384916f26f642f78760e9e40
Amazon Music/2022-05.csv,.csv,1753,0d5d3743e6e010b2b27316eb6403ef8a
Amazon Music/2022-06.csv,.csv,1755,314b3cddc6c875adb0251e7b96011a06
Amazon Music/2022-07.csv,.csv,1756,1be41ab7b2cce1771f30d0cef5648202
Amazon Music/2022-08.csv,.csv,1755,58aed922e86cc5656afcc6cc4e3f9e89
Amazon Music/2022-09.csv,.csv,1756,ed28c4a4052b4fef796204a787075ca4
Amazon Music/2022-10.csv,.csv,1756,371cd67c9cfe8bdefe8c52b946aa274a
Amazon Music/2022-11.csv,.csv,1753,e1597d9c9aa65e069315d003dabfeb34
Amazon Music/2022-12.csv,.csv,1756,e37d7e229d4a4d2114732e0a16bd3fc9
Amazon Music/2023-01.csv,.csv,1753,d3b3d72ae8c75be71eafbd3b8defe64d
Amazon Music/2023-02.csv,.csv,1756,62e8004348242638d6c7c1bea06ae4e8
Amazon Music/2023-03.csv,.csv,1755,4ae3d70815b309218ba85f0f64bc37f8
Amazon Music/2023-04.csv,.csv,1755,b61a2a6fa122370c13e64715c79db0d7
Amazon Music/2023-05.csv,.csv,1755,0e55e9d2f39290527b98fb7eba07e0f6
Amazon Music/2023-06.csv,.csv,1756,617da71f0bfc3a6516f52357193cbb46
Amazon Music/2023-07.csv,.csv,1754,9f34a2d1355bb321226010d30563e25a
Amazon Music/2023-08.csv,.csv,1756,4556eacaec6b20be2d33db9cc74a36e8
Amazon Music/2023-09.csv,.csv,1753,c6a1cc57c8da20bf9f346564c63ffb0c
Amazon Music/2023-10.csv,.csv,1753,b72d411b715eda1716eb043321a4a6ba
Amazon Music/2023-11.csv,.csv,1755,b43d661485fda848ef40cd41fabf6e65
Amazon Music/2023-12.csv,.csv,1754,5bb7bdb40dfe388084ab060549cf12ab
Amazon Music/2024-01.csv,.csv,1752,9ee1041fda0e84a3fa2855850e21b5a0
Amazon Music/2024-02.csv,.csv,1753,e4031d2b68c2ae795f27323428fd0708
Amazon Music/2024-03.csv,.csv,1754,5c9f7915351eaa513273d0b0f987abfa
Amazon Music/2024-04.csv,.csv,1753,a511b84543fd5b2c1e64581fc2e8812d
Amazon Music/2024-05.csv,.csv,1752,1d89ae356d3583579038f2591029d7af
Amazon Music/2024-06.csv,.csv,1753,0fba15db78af65c66d3c72d9473bc11e
Amazon Music/2024-07.csv,.csv,1753,b39b6d7958562d2513df8b6fc72a09fa
Amazon Music/2024-08.csv,.csv,1753,a98d9559ad94cd37142dbaeb983d07cb
Amazon Music/2024-09.csv,.csv,1754,c31e37e2c5d936304f75464c122287a3
Amazon Music/2024-10.csv,.csv,1752,86d8763a7623353dd7be869181cab011
Amazon Music/2024-11.csv,.csv,1752,50c7a3b073b9536118ee2a8dffad2af9
Amazon Music/2024-12.csv,.csv,1752,62cfd70520ed303c077e950f39a90547
Amazon Music/2025-01.csv,.csv,1752,6eb2ecbb2d4df0266f5d33a279aa3bbf
Amazon Music/2025-02.csv,.csv,1754,f3c0f9fc76318bae50f45589a656df12
Amazon Music/2025-03.csv,.csv,1753,ab428747f49fd0cf75fc085d3828e715
Amazon Music/2025-04.csv,.csv,1754,23530f3889642f47c7e48689b265fed1
Amazon Music/2025-05.csv,.csv,1753,37a0183bb3edece8d61cf79246706dbd
Amazon Music/2025-06.csv,.csv,1755,fe3feee60790eb781b80ddf0fddcf29b
Amazon Music/2025-07.csv,.csv,1751,5004438257c94136e841f39466c504a2
Amazon Music/2025-08.csv,.csv,1753,e553522a5ae4e90c76bb1f43f9d477cb
Amazon Music/2025-09.csv,.csv,1750,f3bc0f748140459f516c8cbb251c06de
Amazon Music/2025-10.csv,.csv,1753,cc723b32242acb8c4b7d4dd97d6af022
Amazon Music/2025-11.csv,.csv,1753,cc96af4a72afcc2151ac5b22b73f07d1
Amazon Music/2025-12.csv,.csv,1751,0b4f4ae743563c05b447cbcf87339b41
Amazon Music/spotify_streaming_report_2019-05.csv,.csv,1781,d0a430e763de19fac0ca7c94330d0993
AppleMusic/.DS_Store,,9,a6fc46eb15a980911cb10cc336c3a8ec
AppleMusic/2018/01.csv,.csv,1763,af3152c46f41eae7419d98f4a7fbb5f2
AppleMusic/2018/02.csv,.csv,1765,1618d6002ad7d5ff2ae8473d36ce1b43
AppleMusic/2018/03.csv,.csv,1764,5c34e2afde8f512d4a7cef21665a96e6
AppleMusic/2018/04.csv,.csv,1765,05c14bc41e363d3268b1c797a8c1b4fd
AppleMusic/2018/05.csv,.csv,1765,0cbef3f8d2e75479588016b593225d18
AppleMusic/2018/06.csv,.csv,1764,f746ffc5ab337c09ee46fab62eec8f6e
AppleMusic/2018/07.csv,.csv,1762,c6b0ec498dd780abe2d1959364d6986e
AppleMusic/2018/08.csv,.csv,1765,57dbf9969a19939c2495e77e32845e44
AppleMusic/2018/09.csv,.csv,1765,e6db01340e16ba8f24f6c5a2ad1c08c6
AppleMusic/2018/10.csv,.csv,1765,67425fbcc404d0c6c9a8f0dcaa0fafb1
AppleMusic/2018/11.csv,.csv,1765,eb8456e70875d4b03462bb2dfe4aab12
AppleMusic/2018/12.csv,.csv,1765,c167dc49190efae8b6605efc07dfa0fd
AppleMusic/2019/01.csv,.csv,1766,e7b09ccbe296c0adb396255d40c14eb3
AppleMusic/2019/02.csv,.csv,1767,cfc5f0c0013ae84708990395bef02372
AppleMusic/2019/03.csv,.csv,1766,5387d21a1d4783b850b311aa2b3c5231
AppleMusic/2019/04.csv,.csv,1764,099f11c51a1d09e625be09402baaba1b
AppleMusic/2019/05.csv,.csv,1765,404eb7f806bceb2fa2c4d53f2425b61a
AppleMusic/2019/06.csv,.csv,1766,08a79ee3cae2bed15954e9b3f6f60101
AppleMusic/2019/07.csv,.csv,1767,d9d057e1f16d40a2336068cd3d1aa7b9
AppleMusic/2019/08.csv,.csv,1765,1329a6224ecd7610fef1782b733679f0
AppleMusic/2019/09.csv,.csv,1764,ccfd74225e628e013836f72469540756
AppleMusic/2019/10.csv,.csv,1767,377136508f2f1a3e66dd629563390932
AppleMusic/2019/11.csv,.csv,1766,cfd1d72c8a9e30664ef425ffec8b8d00
AppleMusic/2019/12.csv,.csv,1769,333f1282a701f23abbaa6adb7d6bf4da
AppleMusic/2020/01.csv,.csv,1763,a0cc8d8b06c6928d6c69d30db397b155
AppleMusic/2020/02.csv,.csv,1763,095bfeeec461855f2ad4c568a18f4e44
AppleMusic/2020/03.csv,.csv,1763,692dae486a62fd9778c93e9912cb3857
AppleMusic/2020/04.csv,.csv,1764,0df530a5a39ac2d3e127a2ffc719b74b
AppleMusic/2020/05.csv,.csv,1765,8f8fe64045b37bd0ea14fbb7efb0c924
AppleMusic/2020/06.csv,.csv,1764,d6e80f4097b934fde03fef294c3e0826
AppleMusic/2020/07.csv,.csv,1765,5b2fc1add92d1ab8857576b245423d51
AppleMusic/2020/08.csv,.csv,1765,734a729cf3bd62a6a393f9424f58c657
AppleMusic/2020/09.csv,.csv,1763,311e506dc17ec0a7800828b32398cfc8
AppleMusic/2020/10.csv,.csv,1764,ebf5cdc5ee9dc526087819eec2895388
AppleMusic/2020/11.csv,.csv,1765,b539e28360b21c20f2738a15f25ebff7
AppleMusic/2020/12.csv,.csv,1763,37dde89b1b0e6383c20a6d8f519bd30e
AppleMusic/2021/01.csv,.csv,1766,1a078ffd48e9958f3326261234a88482
AppleMusic/2021/02.csv,.csv,1764,b0c28becfeaf10faac9275182a8535ea
AppleMusic/2021/03.csv,.csv,1766,62f7b918f9444d7be75d78208cbe6499
AppleMusic/2021/04.csv,.csv,1766,a2f19358de457da8d3b329b1ed74580a
AppleMusic/2021/05.csv,.csv,1766,5151dac9546604ae160b003745d98dee
AppleMusic/2021/06.csv,.csv,1765,354f72f3da72c26436a0c5787bd7166b
AppleMusic/2021/07.csv,.csv,1766,400230c6cdcc18dac0abf8e5bacaf112
AppleMusic/2021/08.csv,.csv,1765,0c4a2881363d8452bc687850f8aac067
AppleMusic/2021/09.csv,.csv,1767,e17ed9b871a74c581f81c77feb9e9d9f
AppleMusic/2021/10.csv,.csv,1764,7a82a5f8e86bd5bda76c5aebe005700a
AppleMusic/2021/11.csv,.csv,1765,c6242a653ae98082c21573057b58ee62
AppleMusic/2021/12.csv,.csv,1764,dcb46d6123ca47b02c22f7d8572feee0
AppleMusic/2022/01.csv,.csv,1763,1703a79e87e65e7058004c63a5ebd948
AppleMusic/2022/02.csv,.csv,1763,784e7091598a238e558e5601924fbd86
AppleMusic/2022/03.csv,.csv,1762,42df5d7734b93b5106f25b33e8ce00c3
AppleMusic/2022/04.csv,.csv,1764,f19a03533efdf7dfa39958d47a1f1460
AppleMusic/2022/05.csv,.csv,1762,3d900d0c9b9c631b253720e6892f367e
AppleMusic/2022/06.csv,.csv,1761,0fa670b86bb3478fdf28d53754ea137f
AppleMusic/2022/07.csv,.csv,1762,d470413155e43af9ec7f719c63dbf2f1
AppleMusic/2022/08.csv,.csv,1762,699a8bf359ddea0b89da6c818b4189c0
AppleMusic/2022/09.csv,.csv,1764,6ccf627df136c82daf0a67834333d1c5
AppleMusic/2022/10.csv,.csv,1764,6695786b80293f619e4101d39438cd07
AppleMusic/2022/11.csv,.csv,1764,8f878beb6b2d14b97d138765968a8f80
AppleMusic/2023/01.csv,.csv,1762,765eda8e20c2369bbd9835825022dc43
AppleMusic/2023/02.csv,.csv,1762,942eaee4f3be040831bfd9f6701c243a
AppleMusic/2023/03.csv,.csv,1761,109f2d0b0f84de1d7ba2b410818d7920
AppleMusic/2023/04.csv,.csv,1763,c1b0729df8dc4cdee9cdfbf5724226ed
AppleMusic/2023/05.csv,.csv,1762,801b9b23726c465abd51dfd8757e4377
AppleMusic/2023/06.csv,.csv,1763,fa73fc59b2c3f3dfc8b9eea378693f23
AppleMusic/2023/07.csv,.csv,1763,2b13c05da90531160bdebfc622cf7f86
AppleMusic/2023/08.csv,.csv,1761,c968e516345a87f429bc9d170d1bb561
AppleMusic/2023/09.csv,.csv,1763,74e36f382c130f7f3927606463d38171
AppleMusic/2023/10.csv,.csv,1763,db07ed407eb2a2edf32a8c30aee840a2
AppleMusic/2023/11.csv,.csv,1761,a5416165f7e0f4a119b01830321ab762
AppleMusic/2023/12.csv,.csv,1762,72fd44ba07fcf74c5e5d472895dcfcdc
AppleMusic/2023/2022-12.csv,.csv,1762,22573594f28d00b1d45c9f65abc82b74
AppleMusic/2023/2024-01.csv,.csv,1761,d313a345767b5a62327694c817b322eb
AppleMusic/2024/02.csv,.csv,1761,7e1aeee5d32b9109efc2d2c54e4f4857
AppleMusic/2024/03.csv,.csv,1761,71d5d57038c00f800a23bd0ccd9bcf18
AppleMusic/2024/04.csv,.csv,1761,a22c96ddcdad9dd4768e918c1b51888e
AppleMusic/2024/05.csv,.csv,1762,75310b5df7c141b41acf250386a23c63
AppleMusic/2024/06.csv,.csv,1760,211ef1c02a631568f88a1daf84adb201
AppleMusic/2024/06_URGENT_REPLACE.csv,.csv,1760,211ef1c02a631568f88a1daf84adb201
AppleMusic/2024/07.csv,.csv,1761,6ee70f7e230afc00207f5a99f579d4d6
AppleMusic/2024/08.csv,.csv,1761,553e8393a7fb32211bb69b6169ab6818
AppleMusic/2024/09.csv,.csv,1764,b20e12c63fdf7f55060c8f6694be929f
AppleMusic/2024/10.csv,.csv,1762,3fcda4842c1ae64667942e38e930ffe1
AppleMusic/2024/11.csv,.csv,1762,34effcc50c1df4b0ba69d8e92e344aa4
AppleMusic/2024/12.csv,.csv,1763,84c02ac8e45b19eb869c6f8a0f2bdd10
AppleMusic/2025/01.csv,.csv,1762,73f17cd830088bdb01cd39c1c6f1a288
AppleMusic/2025/02.csv,.csv,1762,857ce960b82a40be9adfb2ba18f797fe
AppleMusic/2025/03.csv,.csv,1762,5264fb512c93ab024554274fa5157e96
AppleMusic/2025/04.csv,.csv,1760,85fe347dd77b9f503cc115449d6aa62b
AppleMusic/2025/05.csv,.csv,1759,6d6bde0a769922ad169908580371c208
AppleMusic/2025/06.csv,.csv,1760,247796496287c7ee1cd1efc0e8839b53
AppleMusic/2025/07.csv,.csv,1763,85f0fdc84ff80c0fe532dc19e9d679e4
AppleMusic/2025/08.csv,.csv,1760,6b171333d362cc8df7d3f5990836f1a6
AppleMusic/2025/09.csv,.csv,1761,71da7764ab6190dc4e469b35a33905c2
AppleMusic/2025/10.csv,.csv,1762,d2ef60365f9b62f07408a9246e79f923
AppleMusic/2025/11.csv,.csv,1763,e75ff2266fd98d4759c66025136a4be3
AppleMusic/2025/12.csv,.csv,1763,cf91627a86b80da3d5ecafdba20b835e
Asahi subpub JP/NightSounds_2011.pdf,.pdf,3457,366c91fca508e37ace466baa9526ebe8
Asahi subpub JP/NightSounds_2012.pdf,.pdf,3451,7803d4a32d8156d98d422483e2babb3d
Asahi subpub JP/NightSounds_2013.pdf,.pdf,3448,819930eebd2a57461bf2fef51a2beed6
Asahi subpub JP/NightSounds_2014.pdf,.pdf,3451,cde1e1514c1091a0e0270b544aa0fdd3
Asahi subpub JP/NightSounds_2015.pdf,.pdf,3452,489903b95499dd3a0451514bb8402c3e
Asahi subpub JP/NightSounds_2016.pdf,.pdf,3455,82f3f083584432cba66de50647074703
AsahiEditions_NightSounds_2017_reversion_year.pdf,.pdf,3452,ba17adf8d4d044083a54f11280c6f808
Atlantico Brazil/2018-Q1.pdf,.pdf,5987,ec44633c89d7cf2bc97592fafcd6b8ca
Atlantico Brazil/2018-Q2.pdf,.pdf,5986,55f3966d0fc10da0e04255de5d327465
Atlantico Brazil/2018-Q3.pdf,.pdf,5991,28e59ab9e931f1b12ba351f0aabedbe1
Atlantico Brazil/2018-Q4.pdf,.pdf,5987,ed4a5a7fdafa6f6c4905da6cf3d28f42
Atlantico Brazil/2019-Q2.pdf,.pdf,6008,44d79e88a6fbd0ac14e310ac4484f3ae
Atlantico Brazil/2019-Q3.pdf,.pdf,6017,30e1ca3c54736b009bfd83dbaa785c22
Atlantico Brazil/2019-Q4.pdf,.pdf,6010,0c437cff7b6b3ae3e6edc75274e8a1ea
Atlantico Brazil/2020-Q1.pdf,.pdf,5990,6009bf20c842f35cd150de3854d8fee6
Atlantico Brazil/2020-Q2.pdf,.pdf,5996,0f74b3f892d3da5508b20153565320c8
Atlantico Brazil/2020-Q3.pdf,.pdf,5998,d3fc518f3d2345864d36313fa984b779
Atlantico Brazil/2020-Q4.pdf,.pdf,5998,82ee646514e1330f5425963fb63c414b
Atlantico Brazil/2021-Q1.pdf,.pdf,6012,19e17195402f643538fa4b4706e38f47
Atlantico Brazil/2021-Q2.pdf,.pdf,6012,afbd06ba5b92a33ec08e67a91a8daf1e
Atlantico Brazil/2021-Q3.pdf,.pdf,6015,c31459c27096a97e0b4b53348802f059
Atlantico Brazil/2021-Q4.pdf,.pdf,6016,287fadfb1d4c04bb28e5917486ea6c85
Atlantico Brazil/2022-Q1.pdf,.pdf,6013,1e908ec17dce76c5466afbb96842445f
Atlantico Brazil/2022-Q2.pdf,.pdf,6010,782be1f4f38ce8dba1f3cb949359faaa
Atlantico Brazil/2022-Q3.pdf,.pdf,6021,d97d065603ebd7bdf61b853d1fa8a379
Atlantico Brazil/2022-Q4.pdf,.pdf,6018,7e31bccb7ff17e7372e1fac6b78e2878
Atlantico Brazil/2023-Q1.pdf,.pdf,5983,1014573c8a8ff214f1e45a1d11416cff
Atlantico Brazil/2023-Q2.pdf,.pdf,5988,810a2bcb83abb60b5ef3e415a7084fdb
BMI/.DS_Store,,6148,8b66c6bc7934e6a962437c7ce878281d
BMI/2018.zip,.zip,79883,c21170cfecc2b6c267c81aa8bc7f484e
BMI/2018/Q1.pdf,.pdf,19865,fa32e83eca2de8f10df5f91e6336ef5d
BMI/2018/Q2.pdf,.pdf,19868,4895d26709d42c366577777652e05cd2
BMI/2018/Q3.pdf,.pdf,19867,f5a45231bb06f35dc17e7dfa5b847c6a
BMI/2018/Q4.pdf,.pdf,19869,8188a3e8441274d172972194e0406ceb
BMI/2019/Q1.pdf,.pdf,19867,5757d73db7e275f708303305495dba80
BMI/2019/Q2.pdf,.pdf,19871,d1e751dc13601f78b15cac0c1ef63a6e
BMI/2019/Q3.pdf,.pdf,19875,ab391edae148edd75f6c5023b45866eb
BMI/2019/Q4.pdf,.pdf,19872,889685c93a71e0243afba7256ff41a88
BMI/2020/Q1.pdf,.pdf,19877,ba625865a7f62414f19ab894e6a8660d
BMI/2020/Q3.pdf,.pdf,19886,5ef3237597eb174d8b6a9876fe6f0312
BMI/2020/Q4.pdf,.pdf,19879,9f9cb0e8ae3e52ca74d1b0525c3b4ba8
BMI/2021/Q1.pdf,.pdf,19871,6c07b3540a731ad8cd0732a28cd11727
BMI/2021/Q2.pdf,.pdf,19874,5758608124af5c2606f1bcb7c9e32bca
BMI/2021/Q3.pdf,.pdf,19872,6ddf82b1708a780bad98e6fc6c3851b9
BMI/2022/2021-Q4.pdf,.pdf,19879,624a2b6dc075a33b7e60b8c1c1a8876d
BMI/2022/Q1.pdf,.pdf,19874,60d7690bee02cb6e6c38e14e0ffe8f7f
BMI/2022/Q2.pdf,.pdf,19870,5a83dfa5524443f113fb1c81398aa616
BMI/2022/Q3.pdf,.pdf,19878,2e99a2c1cb2f377064f179d0580cb116
BMI/2022/Q4.pdf,.pdf,19870,a033c929c5cf7082693f59fd465a587b
BMI/2023/2024-Q1.pdf,.pdf,19875,07e50807ec86e414943fb31687e760be
BMI/2023/Q2.pdf,.pdf,19836,5c2527787fc58989d8ca612e280cde0f
BMI/2023/Q3.pdf,.pdf,19835,11ace073784be2f55727c829121756d8
BMI/2023/Q4.pdf,.pdf,19839,5cf4448abbe24afc4e60a6b75e2d6437
BMI/2024/Q3.pdf,.pdf,19876,9dc421abac5396384c2e0b4cdff9a797
BMI/2024/Q4.pdf,.pdf,19877,0b0bf7564d5327763f1d22ed2184beea
BMI/2025/Q1.pdf,.pdf,19857,23f7632765687c4bd3d6badcc3c8b056
BMI/2025/Q2.pdf,.pdf,19860,26006a8946def2c2d80d0f9afabfe8a9
BMI/2025/Q3.pdf,.pdf,19856,52044c9d7dc17bbadf1569416cce7257
BMI/2025/Q4.pdf,.pdf,19859,f6d93f30e581898a3f5c8e8be7fa19d7
BMI_2024_Q2_for_counsel_review.pdf,.pdf,19876,0818c70a1110841ca80c58c5140c5131
BrindleHillMusic_2024_summary_INTERNAL.pdf,.pdf,3211,0b3ea4cc422e7c435e7023d3c0aa062c
BrindleHillMusic_2024_summary_addendum.txt,.txt,2008,4cd1527ae79c608b4ff7d83a77c362bd
CV_LenaKowalski_2023_DRAFT.pdf,.pdf,341,b68d86021c8585851a0843015d94a8f1
Cantata subpub IT/2018-S1.pdf,.pdf,6256,1ed8774c460f6c5c7157683a57314ded
Cantata subpub IT/2018-S2.pdf,.pdf,6256,b99f3f8e19c4f9404946e47b2613c7d0
Cantata subpub IT/2019-S1.pdf,.pdf,6268,7a12413fff8b750d33a5c350da716425
Cantata subpub IT/2019-S2.pdf,.pdf,6269,9a706970b2ba7497b56c493f5be3e869
Cantata subpub IT/2020-S1.pdf,.pdf,6291,c3f884ae84cf45172a8278195cb3f5df
Cantata subpub IT/2020-S2.pdf,.pdf,6291,c995c2c839a57541617eec146b04125d
Cantata subpub IT/2021-S1.pdf,.pdf,6267,15089212d9e94823546d361bc03fba0b
Cantata subpub IT/2021-S2.pdf,.pdf,6267,c0bd6e4b381fa6b8397f13a97486cc7a
Cantata subpub IT/2022-S1.pdf,.pdf,6253,6d64b1dff22f65f71097aea8f59c1005
Cantata subpub IT/2022-S2.pdf,.pdf,6253,f3564a79ef2b4be3a7ea8047ebb735c9
Cantata subpub IT/2023-S1.pdf,.pdf,6272,df1e8d99708f0e5990a672ab8ce4e0bf
Cantata subpub IT/2023-S2.pdf,.pdf,6272,7c8b3b13e148e96abe6e6048ffc50601
Cantata subpub IT/2024-S1.pdf,.pdf,6277,89b3517b2994f7d5ab08d96fecb22e34
Cantata subpub IT/2024-S2.pdf,.pdf,6277,b069a972f956b6058abfd459b0e016e5
Cantata subpub IT/2025-S1.pdf,.pdf,6262,33a45ded269e94dc82d94342c4f35f20
Cantata subpub IT/2025-S2.pdf,.pdf,6263,2205c6379bc4940b6be75503022dd715
Cantata subpub IT/Atlantico_2019-Q1.pdf,.pdf,6005,94ae3f9dcc7cc64e911ab3bec64e3588
Capston/(old).zip,.zip,128357,dfee19ae33dce01d64af9f6eec7f9767
Capston/.DS_Store,,9,a6fc46eb15a980911cb10cc336c3a8ec
Capston/1H-FY2020.pdf,.pdf,6980,8a9487b8bb526249365f14d6084e28d8
Capston/1H-FY2021.pdf,.pdf,6966,8748fc88971731133b815fb4275ed2e4
Capston/1H-FY2022.pdf,.pdf,6965,334f23eef8596bb031adc06ab79fe3a6
Capston/1H-FY2023.pdf,.pdf,6967,9412bd8b35b729949b1533165af9ff77
Capston/1H-FY2024 (1).pdf,.pdf,6957,f387a6f9ad46e0edb3cf638570b5dc6a
Capston/1H-FY2024.pdf,.pdf,6957,f387a6f9ad46e0edb3cf638570b5dc6a
Capston/1H-FY2024_accounting_export.csv,.csv,2929,c1e0a06ce8c5b603c2faee00e8ef5b67
Capston/1H-FY2026.pdf,.pdf,6964,5576780575b468887a419a665e908ebf
Capston/2H-FY2020.pdf,.pdf,6947,ad6d0ee56f2484e0e723f45a7dc7e7c4
Capston/2H-FY2021.pdf,.pdf,6963,5b9eaeed6c114518a2337615bded760c
Capston/2H-FY2022.pdf,.pdf,6974,98d5d21adeb6e84a097714ade7a1a1f7
Capston/2H-FY2023.pdf,.pdf,6951,573b683b3d78f1cdb1f2ebec52d490de
Capston/2H-FY2025 (corrupt).pdf,.pdf,303,0b0a1c3c295e1f4b0d707febfa4846c5
Capston/2H-FY2025.pdf,.pdf,6941,07f353ea1ebbe2c4d88dbc7bc3472108
Capston/2H-FY2026.pdf,.pdf,6960,46e6d6671d4892029d2f0a204a5768ee
Capston/Capston archive.zip,.zip,14216,c7fba1631a529ccf9510fc9a6f1f555f
Capston/Capston archive/1H-FY2019.pdf,.pdf,6943,b618647a49ddb1b65b5f6c70f9a6289c
Capston/Capston archive/2H-FY2019.pdf,.pdf,6983,67af7916f37b4ee1640bf7bfa10b64e9
Capston/Thumbs.db,.db,4,257fe2e0f35dd318d548cb3405ec1bc5
Capston/Vermillion_2021-H1.pdf,.pdf,3933,09481fce9c7d610af3ff1abb1af940ef
Capston/statement jan-jun 2025 (preliminary).pdf,.pdf,6968,fbe11e5fa4f0527c316303d843c109a3
Capston/stmt-H2-FY24-FINAL_USE_THIS_ONE.pdf,.pdf,6968,2d05e4c4e56c2f7ff4538e5f212a1220
Capston/~$Capston_2H-FY2024.xlsx,.xlsx,0,d41d8cd98f00b204e9800998ecf8427e
Catalog_earnings_overview_CY2023.csv,.csv,4570,b4c5ce7f28ecb5f321ba54f31ed4a1ed
Deezer/2018-01.csv,.csv,1736,e168328dd1e427b64802cc078332ee4a
Deezer/2018-02.csv,.csv,1737,060a27ae258638a44b3ee8bef2d0aad2
Deezer/2018-03.csv,.csv,1735,1acdfe79c7c558f45cbc9b8f2459ad21
Deezer/2018-04.csv,.csv,1734,99c7c89d7a428b3ae275b77243275bd4
Deezer/2018-05.csv,.csv,1733,60c6a7d2f39949856142a3595bfd9834
Deezer/2018-06.csv,.csv,1734,9968511a1b1747724f0be99b25ef4ea6
Deezer/2018-07.csv,.csv,1736,b6bee974ff2b5efa627f760d4fc15194
Deezer/2018-08.csv,.csv,1737,58eb34aebd519bf9322983b2d2fa7c20
Deezer/2018-09.csv,.csv,1736,8b0d61d23bc4004695e8e26ccdb3a0cc
Deezer/2018-10.csv,.csv,1736,ebef40e60b6235dde591f57cc67b9cfe
Deezer/2018-11.csv,.csv,1736,1449920af963cd0693b57192dfc29cfe
Deezer/2018-12.csv,.csv,1735,bf88c8f30fa0379035d82bb0cb52baed
Deezer/2019-01.csv,.csv,1737,3a827ff5f20048a169578fc272e3fb5d
Deezer/2019-02.csv,.csv,1738,c7fe06d9eea19dc56463c9871d863a09
Deezer/2019-03.csv,.csv,1737,b512db28c574095df3a5680e089667ea
Deezer/2019-04.csv,.csv,1735,324c76845353ae1bedf864ffd2368e61
Deezer/2019-05.csv,.csv,1737,f9538cc1fa14eb1ce0752593f72de3ad
Deezer/2019-06.csv,.csv,1736,45e0dcf24fd7bc638778ef19b7dd6ad3
Deezer/2019-07.csv,.csv,1735,00c404bba00a7b2acd4707de93d43b5e
Deezer/2019-08.csv,.csv,1737,1059a6e36f15749a44a9c8f643e6a402
Deezer/2019-09.csv,.csv,1736,967aaaac55c462127053b3047cf0fc85
Deezer/2019-10.csv,.csv,1738,a1bb094f71cc13d3607960f37f0cddf3
Deezer/2019-11.csv,.csv,1736,9ecc99e44e36bd4a4afdae2e159d3620
Deezer/2019-12.csv,.csv,1736,425b197454e11a3bcdb700e0ed8c36a7
Deezer/2020-01.csv,.csv,1735,a98aa0f57d720cb0b36f877d1b966444
Deezer/2020-02.csv,.csv,1735,a30a3c102616776b361ddc2c0d38672c
Deezer/2020-03.csv,.csv,1737,c2f9a77ac81600f56f0266f575f811b6
Deezer/2020-04.csv,.csv,1736,b9f00a76323d18e382b63771125a5b2b
Deezer/2020-05.csv,.csv,1737,0f8be454bfdec86d4a49e72bfe65751e
Deezer/2020-06.csv,.csv,1733,fb6eec80c359473e6796fc68a060439e
Deezer/2020-07.csv,.csv,1736,1c542b26ad867be5ac321b4b1a1fd88a
Deezer/2020-08.csv,.csv,1735,23aedd7f2c04c703a10a0a8efe169b6d
Deezer/2020-09.csv,.csv,1737,93f8dae23cd6928f3b8d3d3c8a341f35
Deezer/2020-10.csv,.csv,1735,1a60f28f3be6e0ec5e5cacb2afb461b7
Deezer/2020-11.csv,.csv,1734,956eb2ca5f3d8327b95d17cd5945132d
Deezer/2020-12.csv,.csv,1735,29d92f3c06aa1d37332e93432252defc
Deezer/2021-01.csv,.csv,1733,8e782a6e7f7232c7408ba0667a3ebdd6
Deezer/2021-02.csv,.csv,1733,9a0f2c49f6ef90490781aa2c4ea304c3
Deezer/2021-03.csv,.csv,1736,4a9c8cffd2a2b293a54e296ccdcb610f
Deezer/2021-04.csv,.csv,1734,84b0e58d909af5c5e54be533d96137f2
Deezer/2021-05.csv,.csv,1736,c75e04e861a8ee8a237b1a616bbbf37f
Deezer/2021-06.csv,.csv,1736,0d7c2486dfa4d57c9c7f994cc5bdf370
Deezer/2021-07.csv,.csv,1733,045b748b4a42717ebe0494770840219c
Deezer/2021-08.csv,.csv,1737,6764b64406d4176e2ea77ef8ec20cd1e
Deezer/2021-09.csv,.csv,1735,e4c67d7e0f99300be3de4961220bfb19
Deezer/2021-10.csv,.csv,1734,d885a9fffd1ff70b40445c69b250e2ef
Deezer/2021-11.csv,.csv,1734,c79022d96275c61c3c8cba849d3c8d90
Deezer/2021-12.csv,.csv,1737,64145ae6f38e1485048f783251c0e175
Deezer/2022-01.csv,.csv,1734,e281f16c16ab01259ef435d8abddbaf5
Deezer/2022-02.csv,.csv,1731,06f22388ca09045c88b690e74ac9df17
Deezer/2022-03.csv,.csv,1732,44501bd6e528f6dda18f8aba8013d170
Deezer/2022-04.csv,.csv,1734,7911a1a1113c41781e8ef5375db46e9a
Deezer/2022-05.csv,.csv,1735,b757166c49d7c4a75e214a359edcc020
Deezer/2022-06.csv,.csv,1734,7a94d3525fed17cf5c7952d0ef4c5f06
Deezer/2022-07.csv,.csv,1737,937d3d7676ef6e25d0a196e8bfafd200
Deezer/2022-08.csv,.csv,1732,cbb1e09d5fc988c1896dedcc4d162117
Deezer/2022-09.csv,.csv,1732,f7218899afe17441238e48ba38864b59
Deezer/2022-10.csv,.csv,1736,e9c1d7bfc04fd720a87a15677db58ff3
Deezer/2022-11.csv,.csv,1732,3ca473b619ca64169c8607adda4eb546
Deezer/2022-12.csv,.csv,1734,4951b5e0730904f6765b92b1eed0f190
Deezer/2023-01.csv,.csv,1733,d10b0bc1737511737a3ad090b266c023
Deezer/2023-02.csv,.csv,1732,6696175f6b9f60f8fe15775ed48a6e4d
Deezer/2023-03.csv,.csv,1732,146039e243d164cce5f06beb4d5cdd47
Deezer/2023-04.csv,.csv,1730,9d01c9a73ed6d08394240f7817dfbc0f
Deezer/2023-05.csv,.csv,1734,b7651faea432448b2a5db7157b9cc08b
Deezer/2023-06.csv,.csv,1732,3230c036b7e8e687f3fda63ad67b68c2
Deezer/2023-07.csv,.csv,1730,ae2030a501307bd6f0d8a79a7af04d76
Deezer/2023-08.csv,.csv,1730,438814e966b2eacd23410df6b9281f65
Deezer/2023-09.csv,.csv,1734,804c0b795b81e3197a539364803f2df3
Deezer/2023-10.csv,.csv,1735,b9da9ddd97022786b90df1a7d2160b35
Deezer/2023-11.csv,.csv,1729,63f333eb2861fd23d6322c024d3c5ec4
Deezer/2023-12.csv,.csv,1732,6e257ff20626b7913c8be76cce71fec1
Deezer/2024-01.csv,.csv,1729,b451628e928691459b6370ed8a10247e
Deezer/2024-02.csv,.csv,1734,6c1e134837584b55003acec22527486f
Deezer/2024-03.csv,.csv,1729,3be8fcf9cfebdf24781e01ec3ddfc6fd
Deezer/2024-04.csv,.csv,1730,906ae2d5cb4368acc95369ce6329c590
Deezer/2024-05.csv,.csv,1731,e4308743a3e846360ea7cf61ab0de442
Deezer/2024-06.csv,.csv,1733,30f37ba916e6a5b02574323bc1703945
Deezer/2024-07.csv,.csv,1730,8ac5e07ba348f8ee09c1ea0220537cae
Deezer/2024-08.csv,.csv,1730,229ed2af0fc49cb55c03bb0bf8adaa70
Deezer/2024-09.csv,.csv,1732,29c7dc73dd9246f4058aae37505b2113
Deezer/2024-10.csv,.csv,1731,29df8f39dcb4ee226f614aa75988e57d
Deezer/2024-11.csv,.csv,1729,f48cd035743581811404a5bab697bd95
Deezer/2024-12.csv,.csv,1730,59885167348e12aee18aa7ee6fdc6a8c
Deezer/2025-01.csv,.csv,1732,b9cef65a8e66962dcfce936fc52410ae
Deezer/2025-02.csv,.csv,1733,f43c21f0ce1934ccc0f4f797fa70ce37
Deezer/2025-03.csv,.csv,1730,928828bd51014453cb301f83e0ff8249
Deezer/2025-04.csv,.csv,1731,69ec4af59b02659a67d18ff0d631700b
Deezer/2025-05.csv,.csv,1731,5e8af49ef2f78254d2d5ada1d728e486
Deezer/2025-06.csv,.csv,1731,f17879851d45924ee1242db85af3c53a
Deezer/2025-07.csv,.csv,1731,13f074d52b9f933451bb74295912bada
Deezer/2025-08.csv,.csv,1732,d6c734a34d8b060f2427521fb380590c
Deezer/2025-09.csv,.csv,1731,2f977c0f06776554bb2487105fb1945e
Deezer/2025-10.csv,.csv,1734,d38ccfb6b7a083c6c500aca63d0994c4
Deezer/2025-11.csv,.csv,1729,9ce54b4c2e27e83c56ea6f77e2c072fb
Deezer/2025-12.csv,.csv,1732,ac646476b35a9ec7de41144fe2900c80
Document1.pdf,.pdf,303,0b0a1c3c295e1f4b0d707febfa4846c5
Fwd_ASCAP_Q1_2024_statement_from_kim.pdf,.pdf,19760,d8e5ea1e843a54418118497426291968
GEMA/2018-H1.pdf,.pdf,20197,2f3211d5facf71f76a6a52578b806fb8
GEMA/2018-H2.pdf,.pdf,20191,6cb873cbad7627fe2ddd79c06e43dbd0
GEMA/2019-H1.pdf,.pdf,20191,12f3562327b8b2a97eb13b72d6a7d47c
GEMA/2019-H2.pdf,.pdf,20188,e0e08ed6ad920e4dd5afbaa70ee0edeb
GEMA/2020-H1.pdf,.pdf,20194,cd70416d1943860d59327b3ce3b66973
GEMA/2020-H2.pdf,.pdf,20192,79bbb56187d96dcc054a8a756035043a
GEMA/2024-H1.pdf,.pdf,20205,9b694322146d6cf8f972a8b06dd054a0
GEMA/2024-H2.pdf,.pdf,20206,deabc63a027d94f6dfcf093b05b34ee4
GEMA/2025-H1.pdf,.pdf,20215,ddede74352a574ca827c21aa7c56a111
GEMA/2025-H2.pdf,.pdf,20209,8198238d44acf9dc7b5f12b6b1a97c74
HFA mechanical/2018-Q1.pdf,.pdf,5221,02ac77248bf0471a2126ea013b938332
HFA mechanical/2018-Q2.pdf,.pdf,5220,266695c5ac6d70a931b34e520dd50b2e
HFA mechanical/2018-Q3.pdf,.pdf,5222,5b8b4e561a40fd1c43adcae84faeaac9
HFA mechanical/2018-Q4.pdf,.pdf,5226,4ededb4bf1bac03a8304c6d76fa4732a
HFA mechanical/2019-Q1.pdf,.pdf,5217,4bbef5b28493b2cb495aead5aefb4181
HFA mechanical/2019-Q2.pdf,.pdf,5216,8d7292676b6bbf29f7d192ae7d10c2ff
HFA mechanical/2019-Q3.pdf,.pdf,5217,2608d7658149caf0ca1ed36cc5fb23b4
HFA mechanical/2019-Q4.pdf,.pdf,5221,da8940618f70bce1c8dbb28d23e3b894
HFA_mechanical_license_Q2-2003.pdf,.pdf,394724,d43ebafefe6c51d54eff2b1c666fec97
Hollow Verge - master inventory DRAFT.xlsx,.xlsx,1014,337016a988c1c5b7caa5b9d7adaa26ad
Hollow_Verge_catalog_one_pager (1).pdf,.pdf,4234,ca33b03c2064caa58f07239ab0101d6e
Hollow_Verge_catalog_one_pager (2).pdf,.pdf,4234,ca33b03c2064caa58f07239ab0101d6e
Hollow_Verge_catalog_one_pager.pdf,.pdf,4234,ca33b03c2064caa58f07239ab0101d6e
Hollow_Verge_key_earnings_notes_addendum.md,.md,4507,f72b809bb842dc9ab6574c3d9881b7d6
JASRAC/FY2018.pdf,.pdf,20790,ac48327280bae9e01576974e26421f53
JASRAC/FY2019.pdf,.pdf,20790,8e2c6f2713154d57b6612d7d07f8b95f
JASRAC/Jasrac_FY2024_writers_statement_kanji.pdf,.pdf,20824,2a20db3b8debb0a7e0eea47b384615bd
LTM_snapshot_Oct2023-Sep2024.csv,.csv,2861,551acbfe452fa39ced0c1cf432224c12
MCPS/2018-Q2.pdf,.pdf,19755,660372e4f19b6a9678888ae2dbd26b54
MCPS/2018-Q3.pdf,.pdf,19758,3c92d18133480e25ce836eef09e9d8a8
MCPS/2018-Q4.pdf,.pdf,19759,9006484e6aadc3e60846abcefc9d810a
MCPS/2019-Q1.pdf,.pdf,19738,4adf2497d01e63fdbce44b56b87e0b2d
MCPS/2019-Q2.pdf,.pdf,19741,84db407170c153918bdac2c72eccec32
MCPS/2019-Q3.pdf,.pdf,19738,fd75f5b0c184c14440fd6aec3c12134d
MCPS/2019-Q4.pdf,.pdf,19742,42b592a2f5ccfe4019addf20e7308861
MCPS/2020-Q1.pdf,.pdf,19742,5e33776fa380a5147836cae69189553c
MCPS/2020-Q2.pdf,.pdf,19745,de8a08e83dd84c73704b3424ef2f22e8
MCPS/2020-Q3.pdf,.pdf,19745,dfb695d6209b66437ac9a657bd2b979a
MCPS/2020-Q4.pdf,.pdf,19747,f9f012ea220b7ef93d56d6a0b99badbf
MCPS/2021-Q1.pdf,.pdf,19719,5d0029b9f27ac7a0f3a115432a1e94c9
MCPS/2021-Q3.pdf,.pdf,19721,c5a6d7ddb1bc803c16511213cb377634
MCPS/2021-Q4.pdf,.pdf,19725,c3222235e1a1554cc11ea841ec02e7e9
MCPS/2022-Q1.pdf,.pdf,19753,0cd11149dd45862016554e51bc683544
MCPS/2022-Q2.pdf,.pdf,19749,4e1fc60af9fb69f2bc2eb8e17d6b86b8
MCPS/2022-Q3.pdf,.pdf,19750,6877bf0344741d148d898286ed80f452
MCPS/2023-Q1.pdf,.pdf,19734,2603035d82f63d4fff640fa3b14a7b20
MCPS/2023-Q2 (1).pdf,.pdf,19735,b94f32561f9d660116058e034777319e
MCPS/2023-Q2.pdf,.pdf,19735,b94f32561f9d660116058e034777319e
MCPS/2023-Q3.pdf,.pdf,19735,b6b3e7ac8a3fd42df5263c828594376c
MCPS/2023-Q3_export_v1.csv,.csv,1012,bd3ea4a8aba26d0d81af49e4932d6549
MCPS/2023-Q3_export_v2_FINAL.csv,.csv,1229,1131c1c8a03a5c4d13dd19b2b4f7629e
MCPS/2023-Q4.pdf,.pdf,19739,8211f2a31f5a0e5c9cefd326f3cf51d8
MCPS/2024-Q2.pdf,.pdf,19728,cce56957d5723668c95840e5ce5e3411
MCPS/2024-Q3.pdf,.pdf,19728,500d85a88510d38455f58fa5a31f30d9
MCPS/2024-Q4.pdf,.pdf,19726,5a1d6b608bcbc860833be46b980aded0
MCPS/2025-Q1.pdf,.pdf,19708,e58c525a6bdf6af13662c087a80a879e
MCPS/2025-Q2 (2).pdf,.pdf,19712,38cbc347503ecc8fab9bc7b82b69cd48
MCPS/2025-Q2.pdf,.pdf,19712,38cbc347503ecc8fab9bc7b82b69cd48
MCPS/2025-Q3.pdf,.pdf,19712,95959f45faa27680110822518aae5e7e
MCPS/2025-Q4.pdf,.pdf,19714,74499e74751673d681a59ed04453933a
MCPS/2025-Q4_AWAITING_UPLOAD.pdf,.pdf,0,d41d8cd98f00b204e9800998ecf8427e
MCPS/24Q1_statement (copy).pdf,.pdf,19728,4326ffe44495f65d42fc0f7995b59cf1
MCPS_2022-Q4.pdf,.pdf,19749,2c72901db5ca09cfb593b0aa84f805ff
MLC mechanical/2021-01.pdf,.pdf,5179,02d0957eaafbec74434d9b2c1fc0f778
MLC mechanical/2021-02.pdf,.pdf,5180,b170a5d1c7fbf0201273d4b37e9f6d29
MLC mechanical/2021-03.pdf,.pdf,5182,f0f56cb84a4ac6636f9b4c2af8803bd7
MLC mechanical/2021-04.pdf,.pdf,5182,103a759eb0d61b9a99d81601748089ef
MLC mechanical/2021-05.pdf,.pdf,5181,a62fd5a235d4e53ae71b745316c2744d
MLC mechanical/2021-06.pdf,.pdf,5182,befa78c46865730cbd44c77bc291ce0e
MLC mechanical/2021-07.pdf,.pdf,5182,32c04aa14a123ac39c8ec1da834f551c
MLC mechanical/2021-08.pdf,.pdf,5182,2343598611c10709110515a072821bc9
MLC mechanical/2021-09.pdf,.pdf,5185,0d56e9ad63f3a29a748412daec8ad429
MLC mechanical/2021-10.pdf,.pdf,5182,260e58c5d30f0a33c91ac45633747e96
MLC mechanical/2021-11.pdf,.pdf,5187,5ab34e1a183a906fb6defc08de86ba3b
MLC mechanical/2021-12.pdf,.pdf,5183,40942fbaca9e7ac303ad85527d53366d
MLC mechanical/2022-01.pdf,.pdf,5173,af8c79e1b39ee67e20691ebb22c85500
MLC mechanical/2022-02.pdf,.pdf,5176,45c877660bb88c235301f0b46e3682ad
MLC mechanical/2022-03.pdf,.pdf,5177,c0dddab4b1cdc22c88101816895fda4d
MLC mechanical/2022-04.pdf,.pdf,5177,3ffa7062bd0f830e733198511de08312
MLC mechanical/2022-05.pdf,.pdf,5177,3c91c63e0314b91ac6f09ce357d3edfe
MLC mechanical/2022-06.pdf,.pdf,5179,68bfb47f343730fa01a904ca327f74a2
MLC mechanical/2022-07.pdf,.pdf,5177,09b6e77a7f2b47925aff82c6364a5bdd
MLC mechanical/2022-08.pdf,.pdf,5177,07e29812c4b6d3e100e3aeaad2ee79e7
MLC mechanical/2022-09.pdf,.pdf,5176,b707a46b78216e7685d3d07ca706d5db
MLC mechanical/2022-10.pdf,.pdf,5176,5a258cc38bb5c3eefef6555c8e044f7c
MLC mechanical/2022-11.pdf,.pdf,5183,0c9b227a968a4b099783c9480457f903
MLC mechanical/2022-12.pdf,.pdf,5180,281517ca953c029191b9b25bbcdb9299
MLC mechanical/2023-01.pdf,.pdf,5173,5d48885dec27b1c1f7dc0af5b692da3e
MLC mechanical/2023-02.pdf,.pdf,5177,1f5d9e952df88978c4fbc5ebdbe312c8
MLC mechanical/2023-03.pdf,.pdf,5175,6e44f28132983ff1fa67b67f6bb02564
MLC mechanical/2023-04.pdf,.pdf,5179,79cedfbaa51dced6df4630b72a138bc7
MLC mechanical/2023-05.pdf,.pdf,5175,b549d1b7562d693cedca2ee3bec93aee
MLC mechanical/2023-06.pdf,.pdf,5180,730423e1b6d8ecec54a557b57c23f5ab
MLC mechanical/2023-07.pdf,.pdf,5179,ec2acdd23a68a8d21d43a4f22eea7705
MLC mechanical/2023-08.pdf,.pdf,5177,a8744ce0f3d241b1d0a6cd0c6e5e4d54
MLC mechanical/2023-09.pdf,.pdf,5179,72fd35245f0db7cf612a369850ff6ae3
MLC mechanical/2023-10.pdf,.pdf,5177,8a95ae1461044db7b61bffd23f53ebcb
MLC mechanical/2023-11.pdf,.pdf,5183,6d9ae2478971e8e8091fb34150a82cfd
MLC mechanical/2023-12.pdf,.pdf,5181,e47185345b2cc70a1242566382777dc5
MLC mechanical/2024-01.pdf,.pdf,5168,7c2a93eeae0784da7ac74188f404204d
MLC mechanical/2024-02.pdf,.pdf,5169,b41aa363c95673dfd7e894066c59f5bb
MLC mechanical/2024-03.pdf,.pdf,5169,fef17b83c4e471f87a18f5c2c6c2995e
Master_Recordings_Inventory_ALL_ALBUMS.pdf,.pdf,5549,bf76f91175f74fc6cafdea3c999e7e02
NDA_mutual_2026_template.pdf,.pdf,2829,ced5312025e6a62d10c362e0c999b8b3
Old Spreadsheets and Stuff.zip,.zip,40046,09cc791c2b50c3e095c3f25a9b9a990f
Old Spreadsheets and Stuff/Untitled spreadsheet.csv,.csv,0,d41d8cd98f00b204e9800998ecf8427e
Old Spreadsheets and Stuff/_NOTES.txt,.txt,73,a498820de4897fa58b564e2dca63d52f
Old Spreadsheets and Stuff/data_dump.csv,.csv,54,f63d930f43f8ece65abe86a9b9bb383f
Old Spreadsheets and Stuff/scan_001.pdf,.pdf,19739,22466479894aeb66c3c965b0b0577752
Old Spreadsheets and Stuff/scan_002.pdf,.pdf,19754,abd3d9a668f4a98301df9449302cb729
PPL neighbouring rights/2019.pdf,.pdf,4625,b80eec0df16502f99008ff18ed9cba84
PPL neighbouring rights/2020.pdf,.pdf,4616,2ddac1463889d3dc1d487b0cef1f54ac
PPL neighbouring rights/2021.pdf,.pdf,4614,44b7d241d42a00be5e5036d9df5040ee
PPL neighbouring rights/2022 (2).pdf,.pdf,4613,57c3406c92294afc66fdcf4dd1e24f32
PPL neighbouring rights/2022.pdf,.pdf,4613,57c3406c92294afc66fdcf4dd1e24f32
PPL neighbouring rights/2023.pdf,.pdf,4620,f5f6663e1df79e97e9594fb7d1dd0cf6
PPL neighbouring rights/2024.pdf,.pdf,4618,ba85bd8ec45a374f8b8c8b99ac40719a
PPL neighbouring rights/SoundExchange_2019-06.pdf,.pdf,4706,ab6ccb173194d2c5471d933eac6386e4
PRS/.DS_Store,,9,a6fc46eb15a980911cb10cc336c3a8ec
PRS/2018-Q3.pdf,.pdf,19725,a594fd90309c880e59a904b3862fe8a1
PRS/2018-Q4.pdf,.pdf,19727,7a3aa1a9632b09b06910c33a9941db13
PRS/2019-Q1.pdf,.pdf,19725,81befaf16db8c7f162a762990ccf6c57
PRS/2019-Q2.pdf,.pdf,19726,c41e741d57a02ec97c6d3b9995929f36
PRS/2019-Q3.pdf,.pdf,19727,73bf515c668e0e51cc133b3f9035455c
PRS/2019-Q4.pdf,.pdf,19732,73f06712fb7919b0bb3816f964c438ae
PRS/2020-Q1.pdf,.pdf,19732,540da11f042167bfdfaf7be0f6337187
PRS/2020-Q2.pdf,.pdf,19737,847e56d3194877cf22b15a5b2775fa59
PRS/2020-Q3.pdf,.pdf,19734,437d0c1306297212cffebcc012399f9e
PRS/2020-Q4.pdf,.pdf,19734,4ee17dbffabb0b48c6a49213e3de8b95
PRS/2021-Q1.pdf,.pdf,19707,1686117b7f2c6b694674206dc5208c14
PRS/2021-Q2.pdf,.pdf,19707,e552192325ea793109259468e9297d8c
PRS/2021-Q3.pdf,.pdf,19709,41848394e7ff8facc04389bc45285e35
PRS/2021-Q4.pdf,.pdf,19714,21a0b6a46228b9581dba7cb80c30c95f
PRS/2022-Q1.pdf,.pdf,19736,15e6a4d8b0e781d3897614d515367ad5
PRS/2022-Q2.pdf,.pdf,19999,c97a9a5d017fdffa1e9a38d27d5c5ce2
PRS/2022-Q3.pdf,.pdf,19996,bb56868046eb3aa126ea25a66bfd4671
PRS/2022-Q4.pdf,.pdf,19999,9f5415ca81359353534dc2db1869e7a6
PRS/2023-Q1.pdf,.pdf,19972,e93a126b55ae64979c4072ca0c41ca04
PRS/2023-Q3.pdf,.pdf,19974,295e7e44c7eb2cc75b92d56724b6a78f
PRS/2023-Q4.pdf,.pdf,19977,5e1f595a526d950072487f010334f57c
PRS/2024-Q2.pdf,.pdf,19989,8f2d2f0b17b195e46f90112b1aa84e94
PRS/2024-Q2_online_export.txt,.txt,4062,3df7881f177d6926c3d8a14545fe543e
PRS/2024-Q4.pdf,.pdf,19995,cb267837e32b0fbe1035d5ab60b3bb08
PRS/2024-Q4_FINAL_v2.pdf,.pdf,19995,cb267837e32b0fbe1035d5ab60b3bb08
PRS/2025-Q2.pdf,.pdf,19990,38b6624b6241cc4468485d7ea8ecabfd
PRS/2025-Q3.pdf,.pdf,19986,7e29cb7dd3539ee9a8cab824fa0e60b7
PRS/2025-Q4.pdf,.pdf,19993,ddc2efb40d53cef7727acfb9fe1868ad
PRS/25Q1-DRAFT.pdf,.pdf,19987,8f2fe8130956fc7daeaaa97f67c1e896
PRS/MCPS_2021-Q2.pdf,.pdf,19721,025de4af6487bb47b06edfe8710604fd
PRS/PRS old years.zip,.zip,39741,ed4b8e1c7f7d057ff6b16ad5e162d1ac
PRS/PRS old years/2018/2018-Q1.pdf,.pdf,19724,592b2f46e0c62d483493b61e661f41aa
PRS/PRS old years/2018/2018-Q2.pdf,.pdf,19723,20439510e0a7750d308f0bc2c09ceb48
PRS/Q1 24 statement.pdf,.pdf,19989,bc6729f09527ad30d3aed42b4e316db0
PRS/Thumbs.db,.db,4,257fe2e0f35dd318d548cb3405ec1bc5
PRS/jul-sep_2024_statement_FINAL.pdf,.pdf,19992,2beea7af84180a2774d2dce4e4ccb620
PRS/scan_to_email_0432.pdf,.pdf,303,0b0a1c3c295e1f4b0d707febfa4846c5
PRS/~$PRS_recon_workbook.xlsx,.xlsx,0,d41d8cd98f00b204e9800998ecf8427e
PRS_2023_Q2_for_counsel_review_DO_NOT_FILE_HERE.pdf,.pdf,19973,646eaa73318cf05af39377b6d0c186d1
PULSE-2022-PE-10-0702.pdf,.pdf,2976,c90d96ea73149661f8cd2686049dead3
Pulse annual summaries/2018.csv,.csv,813,39fd3bf7d7ee906da78a8e2d51c056b8
Pulse annual summaries/2019.csv,.csv,1181,680d6309c24b7e77d163ec7527f90f90
Pulse annual summaries/2020.csv,.csv,944,e8623412610b47417daff0ceca09a6e9
Pulse annual summaries/2021.csv,.csv,1147,e08c5e430060ad609cf6c2c1318e2681
Pulse annual summaries/2022.csv,.csv,1258,1e0015e158091e37a34aba77836daf4e
Pulse annual summaries/2023.csv,.csv,1147,586e4ad879d7158c35534fa523dee3ef
Pulse annual summaries/2023_yearend_reconciliation.txt,.txt,1876,014bbc511b3af82ba1d0803da68463b0
Pulse annual summaries/2024.csv,.csv,1536,219a6496a1487d455a9ea7632a412231
Pulse annual summaries/2025.csv,.csv,630,3fd87e0531631f6ec9e0da6c20a83c28
Pulse annual summaries/~$pulse_summary_draft.xlsx,.xlsx,0,d41d8cd98f00b204e9800998ecf8427e
Pulse confirmations/.DS_Store,,9,a6fc46eb15a980911cb10cc336c3a8ec
Pulse confirmations/2018-MIG-02-0814.pdf,.pdf,2980,1ce4e28858c34dbe19832429bb2e73ff
Pulse confirmations/2018-PE-01-0930.pdf,.pdf,2981,c112aa8749d2f23bc242b4cb5bae4cb9
Pulse confirmations/2018-PE-02-0604.pdf,.pdf,2982,6b9f6f5d28adeb19f02eb08f032fb27c
Pulse confirmations/2019-MIG-01-0422.pdf,.pdf,3072,b9e803952af4fd4d9fd8e6d18130aebc
Pulse confirmations/2019-MIG-10-1001.pdf,.pdf,3074,f55a22795d72090ab00f008de13c9a3f
Pulse confirmations/2019-PE-04-0516.pdf,.pdf,2988,38723d000ebb7c0c0ea0366b8234c8b4
Pulse confirmations/2019-PE-10-0222.pdf,.pdf,2983,4751669e714abb3a7bad38cd7e6b3b8c
Pulse confirmations/2019-SST-01-0609.pdf,.pdf,2980,80323e9d0b311dedadc9584690c36330
Pulse confirmations/2020-MIG-02-0909.pdf,.pdf,2979,dc76844288d233799206771f8be66b93
Pulse confirmations/2020-PE-01-1214.pdf,.pdf,2988,6335e6213eeca0e301a8795d905825bf
Pulse confirmations/2020-PE-02-0417.pdf,.pdf,2962,b71d94573651a86fec9632fad8a7428d
Pulse confirmations/2020-SST-08-0827.pdf,.pdf,2972,e935f6bdc41b25a9811a8cddcc92ab6d
Pulse confirmations/2021-MIG-01-1109.pdf,.pdf,3000,747e67c9d2283a5f2d1f2736075a0652
Pulse confirmations/2021-PE-03-0618.pdf,.pdf,2976,4ed889309989d97f9f8058a594ab6be6
Pulse confirmations/2021-PE-04-0322.pdf,.pdf,2976,8e4cf144466da1acb20db534b7cfd952
Pulse confirmations/2021-PE-07-1010.pdf,.pdf,2992,da9c3df4dc604a32696bffa1cb5e47b8
Pulse confirmations/2022-MIG-09-0314.pdf,.pdf,2969,5304e1203902f395a9e14b8fd6ed6426
Pulse confirmations/2022-MIG-10-1128.pdf,.pdf,2974,fb7d15fd7b4f4b9197064c27f6fa8333
Pulse confirmations/2022-OW-09-0513.pdf,.pdf,3102,1d9dc4935e4e5d38b777a9f3d0869d48
Pulse confirmations/2022-PE-01-0608.pdf,.pdf,2991,7e20795863f0fe6b0bc4ba3c3acf3984
Pulse confirmations/2022-SST-01-0404.pdf,.pdf,2977,eb63032728042b9af0b73c995a722fb4
Pulse confirmations/2023-MIG-01-0614.pdf,.pdf,2999,79681d6db77c419a5119adf118cb25ba
Pulse confirmations/2023-MIG-02-1103.pdf,.pdf,2983,29eb8cc5884e9236dba791657a863f10
Pulse confirmations/2023-MIG-08-0418.pdf,.pdf,2994,2a17bbb4d0225379f9e901107e6566cd
Pulse confirmations/2023-PE-02-0911.pdf,.pdf,2973,359d7d2fdca31fbde1e555e08ab7ff5c
Pulse confirmations/2023-PE-09-0131.pdf,.pdf,2979,af2901b2107091618511550620df7e60
Pulse confirmations/2024-MIG-01-0303.pdf,.pdf,3005,db3544530b5b5f6b61ad942a76a39e7b
Pulse confirmations/2024-MIG-03-0205.pdf,.pdf,3065,9d2ef44bea5e281abb104020dda72315
Pulse confirmations/2024-MIG-04-1121.pdf,.pdf,2983,498213357e912d53f85605449b06baa2
Pulse confirmations/2024-MIG-06-0909.pdf,.pdf,2982,7cc79ef8414c3501f6bbdf6a11f12c9b
Pulse confirmations/2024-MIG-10-0504.pdf,.pdf,2982,fd4921fa3aa94a35ff246c55259a08b6
Pulse confirmations/2024-PE-01-0122.pdf,.pdf,3101,13fab3a43c0c34ded78e8833e0f0107a
Pulse confirmations/2024-PE-01-0803.pdf,.pdf,2978,bd29ba1977ec141ff30939d8e1bbeb57
Pulse confirmations/2025-MIG-01-0117.pdf,.pdf,2985,858cfb2d54ae3cc45e6e8bab7d488163
Pulse confirmations/2025-PE-11-0328.pdf,.pdf,2983,5acb34267949fd254a7b9c1b12f328b1
Pulse confirmations/pulse_sync_confirmation_DEC_ROOFTOPS_Netflix_2019.pdf,.pdf,141019,e748c0894aec32f42590c3fbfc0fc73c
Q3_2024_buyside_update_notes.md,.md,3905,a125795fd3b9600202bc58dfc0e842f6
README.md,.md,2071,22342a3f73affa3e252019514dcf7387
RESEND_PRS_2025-Q2_for_lena.pdf,.pdf,19990,38b6624b6241cc4468485d7ea8ecabfd
SACEM/2018-H1.pdf,.pdf,20322,176552658b6458e6f80c05e8486a93b2
SACEM/2018-H2.pdf,.pdf,20317,dd731fb3f390b25354c27b8ad5e7d726
SACEM/2019-H1.pdf,.pdf,20340,83a50ec591aca39433b06981abe1d780
SACEM/2019-H2.pdf,.pdf,20338,45b5f7feb59f7856eba97b7afd0369bd
SACEM/2020-H1.pdf,.pdf,20328,c7efb923724838968e73688be9da319a
SACEM/2020-H2.pdf,.pdf,20329,cc3575a0a8174cbc235d5861c603bf98
SACEM/2021-H1.pdf,.pdf,20336,c448d20c93ee577ab4744a5e99f8eccc
SACEM/2021-H2.pdf,.pdf,20335,190857bc7526caf0e2721480cb51b0d5
SACEM/2023-H1.pdf,.pdf,20344,9e5d6025473ea05c4f465c6eb3d2ac5f
SACEM/2023-H2.pdf,.pdf,20342,baee2002f80a7ed365f49d35c9a4ea18
SACEM/2024-H1.pdf,.pdf,20348,124ce1b618e32beb3c21472378a19407
SACEM/2024-H2.pdf,.pdf,20347,13c7cceb0f38a9892fd419ac2e6bfeae
SACEM/2025-H1.pdf,.pdf,20310,a880d294368ba67300b674d10ac395cd
SACEM/2025-H2.pdf,.pdf,20306,a2a9bb60ec3958e2fff934d4102bd3bf
SACEM/2025-H2_AWAITING_UPLOAD.pdf,.pdf,0,d41d8cd98f00b204e9800998ecf8427e
SGAE/2018-H1.pdf,.pdf,20104,fb74f0e7615a0e5f756afbdd83845325
SGAE/2018-H2.pdf,.pdf,20102,5d2fc154f0fabf2b36706cd65d66e47d
SGAE/2019-H2.pdf,.pdf,20099,99c6a9088f362899c34d46ac4e82121d
SGAE/2020-H1.pdf,.pdf,20129,a60e482bfd21bb5d7957745977a28ad2
SGAE/2020-H2.pdf,.pdf,20129,8905eab121e1eac7785e30554c8f0d68
SGAE/2021-H1.pdf,.pdf,20093,1e36186f5502992b07c42dc501efed69
SGAE/2021-H2.pdf,.pdf,20094,0be915422477f8a7813f61f4630dc394
SGAE/2022-H1.pdf,.pdf,20093,ebb7ec50988195c7f152ebd89a3f0d1a
SGAE/2022-H2.pdf,.pdf,20092,c7773c6fd1b5182cd9dbd68123c16a10
SGAE/2023-H1.pdf,.pdf,20095,c3f3e314b64806644e9978a822c66d02
SGAE/2023-H2.pdf,.pdf,20102,9bc3b99ae04375dca4ed93f879cdaf1b
SGAE/2024-H1.pdf,.pdf,20107,1a0e97e91ec0d910f139bfa8eefcaea3
SGAE/2025-H1.pdf,.pdf,20105,ec3e04142dfb2c25a3dea3b7fe9320ec
SGAE/2025-H2.pdf,.pdf,20100,c9869ed3d560b7e210bb99a8981da7d3
SGAE/export_FAILED.csv,.csv,0,d41d8cd98f00b204e9800998ecf8427e
SGAE_2019-H1.pdf,.pdf,20102,6cd3206b451e955d40041e8b62ad295d
SOCAN (CA)/.DS_Store,,6148,77046f2545156971945eef9d53ff8f05
SOCAN (CA)/2018/Q1.pdf,.pdf,20194,30dd4e9908cc32082fe0ad952051e93d
SOCAN (CA)/2018/Q2.pdf,.pdf,20198,2242def01a91f7d433990fa4da8d1634
SOCAN (CA)/2018/Q3.pdf,.pdf,20196,d46e2ad013853176896b8561f0530b08
SOCAN (CA)/2018/Q4.pdf,.pdf,20197,319150a168098dee0c9e025814d126c9
SOCAN (CA)/2019/Q1.pdf,.pdf,20216,9204951440af99739aca84816a653986
SOCAN (CA)/2019/Q2.pdf,.pdf,20221,886c4f37f0f2e698397de8b9e9dec833
SOCAN (CA)/2019/Q4.pdf,.pdf,20225,0637ce69351fe69d56cb2a4533fa1ca8
SOCAN (CA)/2020/Q1.pdf,.pdf,20211,b07302617ec66af8a6b86075c1e778a5
SOCAN (CA)/2020/Q2.pdf,.pdf,20218,21be6880bd56647c70c63fa3100cb84c
SOCAN (CA)/2020/Q3.pdf,.pdf,20217,809d8c545beeff05087e61376311a72d
SOCAN (CA)/2020/Q4.pdf,.pdf,20217,c422d58978b2dfefe2c6c9914bd43351
SOCAN (CA)/2021/Q1.pdf,.pdf,20225,f58a47bc5de9e51c594779221019d1f8
SOCAN (CA)/2021/Q2.pdf,.pdf,20228,f07da7394030e9f58f594e7b8caa2e45
SOCAN (CA)/2021/Q3.pdf,.pdf,20232,df3969e145b5bb01ca5b680769025d38
SOCAN (CA)/2021/Q4.pdf,.pdf,20234,798f9de788ad120150319f018f612062
SOCAN (CA)/2022/Q1.pdf,.pdf,20201,1fae8079b47ef7ac0a6e9026f1a157fb
SOCAN (CA)/2022/Q2.pdf,.pdf,20201,d72c10e334ac9ae8e11e6e6cbe2aa647
SOCAN (CA)/2022/Q3.pdf,.pdf,20201,ca64587d39d6b6e174532775258bde98
SOCAN (CA)/2022/Q4.pdf,.pdf,20200,56b94e446e36149596170d36697fa633
SOCAN (CA)/2023/Q1.pdf,.pdf,20214,1b9f8fc5f36f1d4bca66a634d447948d
SOCAN (CA)/2023/Q2.pdf,.pdf,20221,b1a2148cbae49c273e4ee1d055dc3a23
SOCAN (CA)/2023/Q4.pdf,.pdf,20220,4b9aa6feb2cef22933aa9a889d85b24c
SOCAN (CA)/2024/Q1.pdf,.pdf,20211,eea7fcbc55c0051e55b0475895baff5c
SOCAN (CA)/2024/Q2.pdf,.pdf,20217,60047a75ee6b8f943d65462b60dca970
SOCAN (CA)/2024/Q3.pdf,.pdf,20212,4e7d238a4da151f1b816cac03fcc6020
SOCAN (CA)/2024/Q4.pdf,.pdf,20215,4e58f068b1d67dcf70a42dc36eccaedc
SOCAN (CA)/2025/Q1.pdf,.pdf,20203,5e020592db7f64ea87bcc8e485787a4f
SOCAN (CA)/2025/Q2.pdf,.pdf,20204,8d3b14a50b5c91d84577208e9c2d8eab
SOCAN (CA)/2025/Q3.pdf,.pdf,20205,ec1aef86518500572cb1fad5cce483ad
SOCAN (CA)/2025/Q4.pdf,.pdf,20205,57634ec574966d03e8c13df8281910bd
SOCAN_2022-Q2.pdf,.pdf,20201,d72c10e334ac9ae8e11e6e6cbe2aa647
SoundExchange/2018-01.pdf,.pdf,4707,4c8fe10bb9ef7146738e0e731567694d
SoundExchange/2018-02.pdf,.pdf,4700,05ea576308024918f066912782091b66
SoundExchange/2018-03.pdf,.pdf,4688,2b3afee7fa8632d3cbebdda66b8871b3
SoundExchange/2018-04.pdf,.pdf,4706,8e0b7e9077fa2fe27edaf462eb693985
SoundExchange/2018-05.pdf,.pdf,4708,bf0781cf953966fa105d4d061d5cc1ac
SoundExchange/2018-06.pdf,.pdf,4710,72482fba065e6e7f42cd2e815d2b72a9
SoundExchange/2018-07.pdf,.pdf,4705,708968b14184f8f75252b5fff4f5bf86
SoundExchange/2018-08.pdf,.pdf,4705,ca88f732250ba2a042da57c8330801f9
SoundExchange/2018-09.pdf,.pdf,4703,d71d780e3b2f3087190c1b5d2eefa896
SoundExchange/2018-10.pdf,.pdf,4717,f8060b431e08979cb43b36de8337303c
SoundExchange/2018-11.pdf,.pdf,4711,e0769f1ab72131b7a8ad8ddbf72d5197
SoundExchange/2018-12.pdf,.pdf,4706,48326b240d66b8f1daf7e84f61ca5fe1
SoundExchange/2019-01.pdf,.pdf,4700,59c04ba2636aa54a8ffd598da2398fff
SoundExchange/2019-02.pdf,.pdf,4704,4517e965c252fe344d561a5e7aba7237
SoundExchange/2019-03.pdf,.pdf,4709,a9cb688ce0d43715ff8f5549d7732b3e
SoundExchange/2019-04.pdf,.pdf,4710,62ce091ddeeaf4dfda11718e8659b01f
SoundExchange/2019-05.pdf,.pdf,4694,1a7d7155f5dcd1804191a8e33e75df68
SoundExchange/2019-07.pdf,.pdf,4712,ca0de789b14aa56eedbec2118c821732
SoundExchange/2019-08.pdf,.pdf,4705,8cd88d17cd65a955c6805c9613094fcc
SoundExchange/2019-09.pdf,.pdf,4707,4b709693506c4a1399a0eab7f9e1ccb8
SoundExchange/2019-10.pdf,.pdf,4711,6820bcaa972c776c9c652b4ca4b80b66
SoundExchange/2019-11.pdf,.pdf,4716,452b3a25771991751ecc52e1e1124351
SoundExchange/2019-12.pdf,.pdf,4702,fff8a5949b0faeb4c35d560c37c08699
SoundExchange/2020-01.pdf,.pdf,4685,8f27bd83ad13b8f0e82909293746b99e
SoundExchange/2020-02.pdf,.pdf,4694,8136f80650bd1c5be7d6e3d7ff5850f7
SoundExchange/2020-03.pdf,.pdf,4698,1c27438e3cce51bf6ad8dd2f290b1687
SoundExchange/2020-04.pdf,.pdf,4710,4b12d6cddd0678cd09dbd00b49d03016
SoundExchange/2020-05.pdf,.pdf,4696,be80cb1fa43cbfeb135b419cf7cce52a
SoundExchange/2020-06.pdf,.pdf,4698,26942307c36d9ae30e706becbf827dd2
SoundExchange/2020-07.pdf,.pdf,4703,fe5ed66a4ff76bd96790e193711a41e7
SoundExchange/2020-08.pdf,.pdf,4706,3b7ac41e52b8d8bc66b5c1bf4f4ca23b
SoundExchange/2020-09.pdf,.pdf,4710,94cab7ee7dc6111a70e0c9f999cf8b18
SoundExchange/2020-10.pdf,.pdf,4709,3e9f4fd0dd9573ae6cb4adf0e919dc80
SoundExchange/2020-11.pdf,.pdf,4701,5148fadad80d2d6860deabf0e5e8b270
SoundExchange/2020-12.pdf,.pdf,4693,1e2ca7c25934bfdf95c75520e1627745
SoundExchange/2021-01.pdf,.pdf,4704,b560bcee6c67d221a6902c928e337d62
SoundExchange/2021-02.pdf,.pdf,4696,e75f74ce7b045ad89d2511513fc38b9d
SoundExchange/2021-03.pdf,.pdf,4701,9fdf7e22073bc60b977104629944ecf3
SoundExchange/2021-04.pdf,.pdf,4708,38c1f06287b8238eca771a3f8623d3ad
SoundExchange/2021-05.pdf,.pdf,4709,003c37c08dda3298f16e36e2c35083cf
SoundExchange/2021-06.pdf,.pdf,4705,250be4c5d0bbaf54751ba134d299122d
SoundExchange/2021-07.pdf,.pdf,4699,2435d87af21c8c3877a9548a1235bde5
SoundExchange/2021-08.pdf,.pdf,4698,88ed0923921333cb11cb3e171d986208
SoundExchange/2021-09.pdf,.pdf,4707,4f947e083ee12fb368e4c758b1f8eeaa
SoundExchange/2021-10.pdf,.pdf,4700,5ec593fc09a29ada8b95b8ad145976cd
SoundExchange/2021-11.pdf,.pdf,4707,d69d896a9f100dc69494fee948bc25dd
SoundExchange/2021-12.pdf,.pdf,4713,e40069bcc59d57b881c4b7818177f7f1
SoundExchange/2022-01.pdf,.pdf,4703,21b81580df4e84f5ea0ca022e6c4588a
SoundExchange/2022-02.pdf,.pdf,4702,a0ef5bbfd828103dbecb2adc5a03ebf9
SoundExchange/2022-03.pdf,.pdf,4701,47cb70ad393601ca97cd51c748b94941
SoundExchange/2022-04.pdf,.pdf,4707,f7130b9b0a95670fd92c29c2ab7697fd
SoundExchange/2022-05.pdf,.pdf,4698,51eab8af8507d2117f4e74480ddaaf1b
SoundExchange/2022-06.pdf,.pdf,4692,acd53c6d286fc09849e224f9657a87ed
SoundExchange/2022-07.pdf,.pdf,4706,33207c671832b2d73553fbe152e81223
SoundExchange/2022-08.pdf,.pdf,4702,e146021ad497227d70bc2954b34dd93c
SoundExchange/2022-09.pdf,.pdf,4701,feea19f66891847efc0e6452c74ea7a9
SoundExchange/2022-10.pdf,.pdf,4696,a3a5bd2995ef569e7f2872d5bda59317
SoundExchange/2022-11.pdf,.pdf,4707,abe79fb94fd97748320807728d9a2699
SoundExchange/2022-12.pdf,.pdf,4710,4fb33de2840fcf911ddcc4136ff3eea2
SoundExchange/2023-01.pdf,.pdf,4696,77148ac5a8ddb49db9dc6d394985d089
SoundExchange/2023-02.pdf,.pdf,4690,4bef488189b7b4ff3772e6a1f53afe20
SoundExchange/2023-03.pdf,.pdf,4713,52ef8ca18aa6aa379292c7b3179c9da2
SoundExchange/2023-04.pdf,.pdf,4707,a29c8758e7afdcdda176bbfabf94e3c8
SoundExchange/2023-05.pdf,.pdf,4699,d6cfa02f0c6c34326f2ab364e6b50be8
SoundExchange/2023-07.pdf,.pdf,4705,4dffe7f8aea57520feae3818811e6078
SoundExchange/2023-08.pdf,.pdf,4705,e2f1c1dec351521fac18277e9a7b6840
SoundExchange/2023-09.pdf,.pdf,4697,e4db287e81377341ee77e3ccc923b648
SoundExchange/2023-10.pdf,.pdf,4697,6677d2ed33d0d5f0c59c50505eee3818
SoundExchange/2023-11.pdf,.pdf,4706,0c1104ff14f2537ac777b84e3055d51f
SoundExchange/2023-12.pdf,.pdf,4700,d54cddd2f1a4d89fcc189dc4b9eca961
SoundExchange/2024-01.pdf,.pdf,4702,c9f85d952c9f1c4cbe7fc7f9ef3e0d58
SoundExchange/2024-02.pdf,.pdf,4703,bce067fc198a7c1bd1ca5d1e51c061e0
SoundExchange/2024-03.pdf,.pdf,4701,392042ba568a7dead1d88ac40c528c5d
SoundExchange/2024-04.pdf,.pdf,4701,307ec3f655e71f574a60143d534c493f
SoundExchange/2024-05.pdf,.pdf,4696,7f8069cbef34474fe52cadb5a8a0d34f
SoundExchange/2024-06.pdf,.pdf,4707,6c8fe674564a225950f872775f795473
SoundExchange/2024-07.pdf,.pdf,4710,b41dc8df42f81c0967322c1b23b125eb
SoundExchange/2024-08.pdf,.pdf,4707,a58f6eec67c46d0b8ac73ff4d4e1fde0
SoundExchange/2024-09.pdf,.pdf,4701,e14216c426972a4abb625ea201e12d3f
SoundExchange/2024-10.pdf,.pdf,4711,ea95b0758a8a43fd2c31fa2d18cd05c3
SoundExchange/2024-11.pdf,.pdf,4706,90194df4fa6ec647c47b5983ba0e9b6c
SoundExchange/2024-12.pdf,.pdf,4706,561bc875ae3d17240ccc84d8a0d942f8
SoundExchange/2025-01.pdf,.pdf,4698,b1746c728470e7852d1987ac81e309c5
SoundExchange/2025-02.pdf,.pdf,4695,c9ff372ba7017c80d493ec01f9ec18e2
SoundExchange/2025-03.pdf,.pdf,4701,95368f81a38a28ebc3e04ae3a4167d97
SoundExchange/2025-04.pdf,.pdf,4700,ece384e930043027df827733d20cc9b8
SoundExchange/2025-05.pdf,.pdf,4696,657317c0b6b48012822bf73d109e4a91
SoundExchange/2025-06.pdf,.pdf,4700,d6bb6c4f3bf9781f512fe4da0c4e4985
SoundExchange/2025-07.pdf,.pdf,4696,1da38256d74e194f2922e7a5e8dfbf03
SoundExchange/2025-08.pdf,.pdf,4692,1b3ca149f0eaf1064dd05e2e2b4b7788
SoundExchange/2025-09.pdf,.pdf,4701,57f7175d3d35a82d2acb37c00c2c3fb3
SoundExchange/2025-10.pdf,.pdf,4695,0c93c497be15ee8b07beaff7b7be6f90
SoundExchange/2025-11.pdf,.pdf,4699,b72e2f940eaab87820452399b414d8f6
SoundExchange/2025-12.pdf,.pdf,4699,b4837a815a1b80bd1a6b01951e7bc59f
SoundExchange/Coen SlowLightTrio/SoundExchange_SlowLightTrio_2023-Q3.pdf,.pdf,3073,86484cf408ab00aa9221073b98b59b24
SoundExchange_2023-06.pdf,.pdf,4706,8bf0c600cddf42add85f1dca4785b0ce
Spotify/.DS_Store,,6148,05cde0619af3b70830247d8e280879e1
Spotify/2018-01.csv,.csv,1780,0d24f4a65152ffc6efa2e324a6f94006
Spotify/2018-02.csv,.csv,1779,b16f0db1675d497f8deffa9404c8b1d2
Spotify/2018-03.csv,.csv,1778,4897727efe19c3a5ed9ea2c89665f297
Spotify/2018-04.csv,.csv,1780,7566380ad96b27662b6f25442e3dfb98
Spotify/2018-05.csv,.csv,1780,0d6220c1b888f5f01b206cae0e478dbb
Spotify/2018-06.csv,.csv,1778,8899f532f1965accfe22c410049382d2
Spotify/2018-07.csv,.csv,1780,ed163c30d0df25943b9bee0f4a7e9711
Spotify/2018-08.csv,.csv,1781,2a2d52884b59845cb13dea84b67393bf
Spotify/2018-09.csv,.csv,1781,8b5d27f93e842c602fe4b796d9631290
Spotify/2018-10.csv,.csv,1779,5120a88d5ff682cf01185e66dd3770ce
Spotify/2018-11.csv,.csv,1780,ca848d775a127c6b9f7f7fc54438800d
Spotify/2018-12.csv,.csv,1781,f86f00318350be34157aad51d049ab62
Spotify/2019-04.csv,.csv,1781,61296f3768c544f8eb4ed5518941ad5e
Spotify/2019-06.csv,.csv,1783,ca2a2556c2e1d64d4a81abe2c1bdeb86
Spotify/2019-07.csv,.csv,1784,7a9d0c56aca908975186bfeb29fa9f8b
Spotify/2019-08.csv,.csv,1784,86b41c8a94575369ce81295dc70e53d8
Spotify/2019-09.csv,.csv,1781,c5fde710d92dd8d22ae0bb9a813a59f2
Spotify/2019-10.csv,.csv,1781,b6bdf630eee69029f807cd5ee68dbf9c
Spotify/2019-11.csv,.csv,1784,e8ff1f3add7747f6377236fc88c627fa
Spotify/2019-12.csv,.csv,1781,bc83a1620832f09f14d38e5e00e1838c
Spotify/2020-01.csv,.csv,1782,c5a281765eb8f11f8f08cc3aea1a7cb3
Spotify/2020-02.csv,.csv,1779,38e617baaa8543647cc9a43e3e9b0122
Spotify/2020-03.csv,.csv,1780,020fe36478ecb6502696d650dae49d66
Spotify/2020-04.csv,.csv,1781,ede32dbd0a75a1e721f5c2d45ca9e8a0
Spotify/2020-05.csv,.csv,1777,6c8e8b52efd44100bba1ae620c4f695b
Spotify/2020-06.csv,.csv,1780,af1b0d74b1afbdaa5caa43279f510215
Spotify/2020-07.csv,.csv,1780,948ce74d78dc2e211944da7598d9be1a
Spotify/2020-08.csv,.csv,1782,35387442d3b472a0f81d9ee61264473d
Spotify/2020-09.csv,.csv,1779,4af8972817a8809e0ddc7d22e4af0ad8
Spotify/2020-10.csv,.csv,1779,469f378e23be5e8ecc79767a4cc5c848
Spotify/2020-11.csv,.csv,1781,96298385a36251fd580a684a3e1b182c
Spotify/2020-12.csv,.csv,1780,44bde7294ec85962d92ccd2ef12328ce
Spotify/2021-01.csv,.csv,1780,a2692b45822cc8c46d79a0055d540b4b
Spotify/2021-02.csv,.csv,1778,d66f6e12b5d6921009ba27faa076f5ba
Spotify/2021-03.csv,.csv,1780,5e07b4ab453a24b4b37e6be0311900b1
Spotify/2021-04.csv,.csv,1778,57b28b2ae22af75d41e60e505c072b6b
Spotify/2021-05.csv,.csv,1780,3584c663cfac09831f488314c49e083d
Spotify/2021-06.csv,.csv,1782,ccb8f272120181db8eafdd3b87209f73
Spotify/2021-07.csv,.csv,1777,a5692a6b4eb4c1216964b1136053ab69
Spotify/2021-08.csv,.csv,1780,4b5943dcc6128d155ad51a78d1a3d51d
Spotify/2021-09.csv,.csv,1780,60c64640bbc968f565066b9b64ef38ac
Spotify/2021-10.csv,.csv,1781,6728a80a667178dfcb0ab789fb0dbfa0
Spotify/2021-11.csv,.csv,1780,135256e10026249018ed026c77a486a4
Spotify/2021-12.csv,.csv,1782,285fd60a502b7343ad7a2eb3e3c7d721
Spotify/2022-01.csv,.csv,1778,c8199ae84d1f482d2fb957569da71d37
Spotify/2022-02.csv,.csv,1778,4853c20200439733b7da7137c0bfed7a
Spotify/2022-03.csv,.csv,1776,318e3fb2f1119a895702e8873e79a261
Spotify/2022-04.csv,.csv,1779,9182f37f07d9b5e6fa16a9e5e148622f
Spotify/2022-05.csv,.csv,1778,c168d1cebbf4a9b01f0332c8f74bbf7e
Spotify/2022-06.csv,.csv,1776,46c76a3d0324d88d60d7198fe03498b2
Spotify/2022-07.csv,.csv,1778,6af6d2fef0d640b5a022af10492f63e0
Spotify/2022-08.csv,.csv,1776,90946f3cc168a4c8e8744455ee0c28c1
Spotify/2022-09.csv,.csv,1777,a8286d1937b10693e2d10dd8b232d521
Spotify/2023-01.csv,.csv,1778,47385107ab36e72173e498d4b7ec1b75
Spotify/2023-02.csv,.csv,1775,3805bbe63dad601a56ffb7819ba107ae
Spotify/2023-03.csv,.csv,1777,38567f15bbe918d2222a0fc2d52ed831
Spotify/2023-04.csv,.csv,1777,c86c500618a29e4b2adfb0fdd93b082c
Spotify/2023-05.csv,.csv,1775,852ee9a13505fb10f6e23b1636825a3c
Spotify/2023-06.csv,.csv,1776,8096a8d916f9d4574382f47187691f13
Spotify/2023-07.csv,.csv,1776,8298929ecc634969977417901e660577
Spotify/2023-08.csv,.csv,1776,665227b9fe7e4f9885572183fd951215
Spotify/2023-09.csv,.csv,1778,2e4abc469e6f8e9f9f294256232b1aa4
Spotify/2023-10.csv,.csv,1776,16669f1e2e1edbefc2def5ad73f6550f
Spotify/2023-11.csv,.csv,1778,bf650585720f126a3998ed7f1e9733a2
Spotify/2023-12.csv,.csv,1775,30f65c8db1531f17f3f6afe5a5e2b4e2
Spotify/2024-01.csv,.csv,1776,1e48bbee963ca806ee2c10cdba42d7db
Spotify/2024-02.csv,.csv,1774,3cadc2e8eb9516ff26254c8f1c2a6281
Spotify/2024-03.csv,.csv,1775,64d2c20cea214fef6bb93170c098ba1b
Spotify/2024-04.csv,.csv,1777,126de6603f11e770adcf88e62a2a9e33
Spotify/2024-05.csv,.csv,1774,254ec009d8fe585812a59ecb4d7df4c2
Spotify/2024-06.csv,.csv,1774,8ed070bfc623167e1476347ea1ba312a
Spotify/2024-07.csv,.csv,1774,9c117b7265b399b3333e65e4f2f15a4c
Spotify/2024-08.csv,.csv,1776,e38e319b42f1d4fb30b09ccffe6ed950
Spotify/2024-09.csv,.csv,1775,a972e86d9f540975a47aa33bd65e890c
Spotify/2024-10.csv,.csv,1775,4870c4b9ddde331834eac4b3d68f90ca
Spotify/2024-11.csv,.csv,1777,c371fd2bf0ccdb96dccb368dc54d7178
Spotify/2024-12.csv,.csv,1777,409c81c142cbe36b4c1b9be2b20a7481
Spotify/2025-01.csv,.csv,1774,a4a7757285d59ba30d5e49570904d2f8
Spotify/2025-02.csv,.csv,1775,56a2c00b0e8dea1f1c6319d120dc56e3
Spotify/2025-03.csv,.csv,1776,823fb727b8d08e63195c15f73c44dcc5
Spotify/2025-04.csv,.csv,1775,cc3f0e7a4be6a15942fb4c6f8488f7d4
Spotify/2025-05.csv,.csv,1775,25beb5abf8b2029e0b973befb6559a3d
Spotify/2025-06.csv,.csv,1774,89ddbe713188e44ec1264ece5762b9b8
Spotify/2025-07.csv,.csv,1774,38cd278b8f6de0e123d0ac9c9bc2591a
Spotify/2025-10.csv,.csv,1775,ac24247e6e3f1df457ac95aff8158684
Spotify/2025-11.csv,.csv,1775,379172a22545633ea849c498a4fad128
Spotify/2025-12.csv,.csv,1773,38bba80eee92215a07cbea3c56f49160
Spotify/2025/2025-08.csv,.csv,1776,5b442f69d3574240ee27065ddbb6cf43
Spotify/2025/2025-09.csv,.csv,1775,8975b12786417162f43913cd402dd486
Spotify/Spotify old.zip,.zip,5764,cb97223ff68c17eab641d9485026e0e3
Spotify/Spotify old/2019/2019-01.csv,.csv,1782,1e983bde21f1f5f8eebb12b93c9f7be3
Spotify/Spotify old/2019/2019-02.csv,.csv,1783,2b150a4332a1b6d5d0e88f13a3f9b840
Spotify/Spotify old/2019/2019-03.csv,.csv,1781,e7dcb75d54d1f93e8fd59d6821dfc108
Spotify/~$spotify_pivot_2024.xlsx,.xlsx,0,d41d8cd98f00b204e9800998ecf8427e
Spotify_backup.zip,.zip,178937,2f239073e1e5afabf05b6e707b4cfa6d
Stonecut Music MaraSolo/CinderVerse_2019-H1.pdf,.pdf,3290,ebbb36c34d280da9f4695b1a13e2f418
Stonecut Music MaraSolo/CinderVerse_2019-H2.pdf,.pdf,3291,91bfebdaea5a06f68e0b18a584f6a9ff
Stonecut Music MaraSolo/CinderVerse_2020-H1.pdf,.pdf,3294,0d8b9226cfc77ba183e1394b46bd43aa
Stonecut Music MaraSolo/CinderVerse_2020-H2.pdf,.pdf,3293,f887454017f0303dc3950a78f4422546
Stonecut Music MaraSolo/CinderVerse_2021-H1.pdf,.pdf,3294,b7a15635d96892305ed12aeb16062985
Stonecut Music MaraSolo/CinderVerse_2021-H2.pdf,.pdf,3291,e8d95f3c0c0ec2b1c3eaa341d2698490
Stonecut Music MaraSolo/CinderVerse_2022-H1.pdf,.pdf,3291,1b8af81876e702f22b9c1600b24c888a
Stonecut Music MaraSolo/CinderVerse_2022-H2.pdf,.pdf,3296,51721634844c806a026e157fea1ffc16
Stonecut Music MaraSolo/CinderVerse_2023-H1.pdf,.pdf,3295,81d34eb3ba1755646a7016339493d6d4
Stonecut Music MaraSolo/CinderVerse_2023-H2.pdf,.pdf,3285,5ed315dc6fb917e55b46931a9178c8fb
TO BE FILED/.DS_Store,,9,a6fc46eb15a980911cb10cc336c3a8ec
Tidal/2018/01.csv,.csv,1730,a7cc255267af3473d4fa982c25e8a6c4
Tidal/2018/02.csv,.csv,1731,add5f35e3dbcf90a20d4d7702452f4f0
Tidal/2018/03.csv,.csv,1730,acd968a261db37a1daa85db40b54ba94
Tidal/2018/04.csv,.csv,1729,d3c5f7dac2f794c8d1251ca7b0e49893
Tidal/2018/05.csv,.csv,1728,0260f028ff5612496c8d9ea570d62060
Tidal/2018/06.csv,.csv,1727,ac5900707fefb468e25239440954b0f7
Tidal/2018/07.csv,.csv,1728,196e59e32b667af076d8bfce06240b88
Tidal/2018/08.csv,.csv,1729,f3fe94ae1ee60386d461d9d0f3390cbf
Tidal/2018/09.csv,.csv,1730,26f7e9c0e4af3d4a4c60e8f086d17a2e
Tidal/2018/10.csv,.csv,1728,95ab1a459ac313adf9baa277cbd8ad52
Tidal/2018/11.csv,.csv,1729,7e6f741aa96bcd917af7f0633e0dff43
Tidal/2018/12.csv,.csv,1730,1b95297cbd0140335e59e28d259ebe49
Tidal/2019/01.csv,.csv,1730,40b6a2f43b6d5ec5f6eb0371191fd435
Tidal/2019/02.csv,.csv,1732,270483d2be292bc3662555f2cec40e73
Tidal/2019/03.csv,.csv,1732,da6bc8ca2fb2be6a6f75e9b497599755
Tidal/2019/04.csv,.csv,1732,e717a89ea6d8e7da3e2d73a4caea4de6
Tidal/2019/05.csv,.csv,1731,7a730f6542d25b456cf4468455da9530
Tidal/2019/06.csv,.csv,1729,012c8d579ba24f2e22f3f64f4c0f2903
Tidal/2019/07.csv,.csv,1731,de40e9bd42fe917fceb43588eca1dda4
Tidal/2019/08.csv,.csv,1732,eb3c7eaa55345a86cd753e2d96d45dd0
Tidal/2019/09.csv,.csv,1730,642082a0f15d69568f5029e269233861
Tidal/2019/10.csv,.csv,1731,be827dac6597322c776306bfc8d0869f
Tidal/2019/11.csv,.csv,1732,f6f7652598d1943c3fd75e15df76be0d
Tidal/2019/12.csv,.csv,1732,19dafa7a9067f247eeba403251a231f3
Tidal/2020/01.csv,.csv,1726,176d4407deea89c3f3b2e4e077d89ea1
Tidal/2020/02.csv,.csv,1730,95d588c9f375c29d9a9e0aca7b942035
Tidal/2020/04.csv,.csv,1729,360bb6a457e3840249dde69677eca9fa
Tidal/2020/05.csv,.csv,1730,edbf7688c78ffc3e17865da8a0e562ff
Tidal/2020/06.csv,.csv,1729,5bef9b7ef6269eaa5e859bff95c87d20
Tidal/2020/07.csv,.csv,1730,f3d4f2cea4a45c1de7806c90b39aaa6e
Tidal/2020/08.csv,.csv,1727,4b4f04f32e483140135383e9519a3877
Tidal/2020/09.csv,.csv,1727,6c3228dce37946c2d7cc08197ac08131
Tidal/2020/10.csv,.csv,1726,418681920ef5dd9e3388014a4c71ce84
Tidal/2020/11.csv,.csv,1728,ac59aff80785e58cb1059f557370b066
Tidal/2020/12.csv,.csv,1729,09f5f81322488080709f4737df2a4ad8
Tidal/2021/01.csv,.csv,1729,8be6489784d9f181c2bb429e3147a1ab
Tidal/2021/02.csv,.csv,1726,a921b36deba74a1d6d57fe558dfab424
Tidal/2021/03.csv,.csv,1729,4b5a4a7af8f5957c14ca85b4c3c89f59
Tidal/2021/04.csv,.csv,1727,704aca8dec88406871a06cf555076354
Tidal/2021/05.csv,.csv,1727,de0149b6738293c636e2d185a923fba4
Tidal/2021/06.csv,.csv,1728,e3cd1b1f44e95d7893f8194fc8e68c85
Tidal/2021/07.csv,.csv,1727,a43313d0c3f65d0ca42ea350ca4b53d9
Tidal/2021/08.csv,.csv,1726,d2438eaa64f163a17eeeaa03a78b20e1
Tidal/2021/09.csv,.csv,1729,3f878883a132a353f1bb274c811fa587
Tidal/2021/10.csv,.csv,1729,451033e50c6e7624c50a6b8851ba0ed3
Tidal/2021/11.csv,.csv,1728,fb8601517142ff4d3f76655d0636dfb8
Tidal/2021/12.csv,.csv,1728,ece322ae015b57194c5d2c8c8c9b64be
Tidal/2022/01.csv,.csv,1725,7ad6ac639ad74dbcf6da9d1700fc5d15
Tidal/2022/02.csv,.csv,1729,803d8ac61d8d7e17845cfc3add0398e1
Tidal/2022/03.csv,.csv,1727,b535449f0d26c1aec51693f87f4e7a16
Tidal/2022/04.csv,.csv,1728,f29f71bed94637e94538d5c580831f9c
Tidal/2022/05.csv,.csv,1727,5d9126b27a586a6a6725b8cb637e7464
Tidal/2022/06.csv,.csv,1725,1531fa11b113a8917072496d6114f855
Tidal/2022/07.csv,.csv,1726,6992f284808f2b3f5360e7f4a9387178
Tidal/2022/08.csv,.csv,1726,c008a49082f4ba11932100e8d9d66e1e
Tidal/2022/09.csv,.csv,1727,33097979c8a73cd85a03464e4cc1caef
Tidal/2022/10.csv,.csv,1727,43b9cb8948bc3ab4b80ee5496b43547d
Tidal/2022/11.csv,.csv,1726,01501d5969e7879ac9279ad50bc48195
Tidal/2022/12.csv,.csv,1725,5b3a71ae40a6b2ddb035e90a96eb966f
Tidal/2023/01.csv,.csv,1726,e077e4fdee47044469be76d0c9976cce
Tidal/2023/02.csv,.csv,1725,8c5be8333d20fee8695d26dfa812db5f
Tidal/2023/03.csv,.csv,1727,6bb526b76b3a10e88fec63a9ef07dbc7
Tidal/2023/04.csv,.csv,1727,3bbf49b04568af653426596c12110062
Tidal/2023/05.csv,.csv,1727,f8d74e19eee5903ebff2b36d3fec02c7
Tidal/2023/06.csv,.csv,1726,f20199e81d82c312754b87671eb4e677
Tidal/2023/07.csv,.csv,1727,57ecee98b11a75488566ed8d255f1632
Tidal/2023/08.csv,.csv,1724,b9a261dda67d0a6b4c7e6b748cbb3855
Tidal/2023/09.csv,.csv,1726,a264f82e4234c52b2c2a2559cb4e9493
Tidal/2023/10.csv,.csv,1725,efa2e41512043e4dc0547b9238cc6662
Tidal/2023/11.csv,.csv,1726,6e789502431ed298b66a42c4b471b6b7
Tidal/2023/12.csv,.csv,1725,247650e81bb711121f8fdeb700286d7b
Tidal/2024/01.csv,.csv,1727,cc5e2d3df2162e5f3daab036f8e7f9ae
Tidal/2024/02.csv,.csv,1724,5a8eb96b480187000b042160aa8d20b7
Tidal/2024/03.csv,.csv,1725,8bf706407f9bb7063b6e24d4e095bb02
Tidal/2024/04.csv,.csv,1727,99eab205d0cf87cf223fad5f3cece3c6
Tidal/2024/05.csv,.csv,1727,d3adf46547f94ad8114dc3f4c6a8cac9
Tidal/2024/06.csv,.csv,1726,48cf9f326301f6498ab995a9fd147077
Tidal/2024/07.csv,.csv,1724,3c45578fd97cb552ed40e2cb671e6b53
Tidal/2024/08.csv,.csv,1724,006c35cb68e2ae9d06732ac9bccc87b5
Tidal/2024/09.csv,.csv,1725,b1fed20a5b19813d7ed1346c5a49a4fa
Tidal/2024/10.csv,.csv,1723,00ae5b86cdb051bbfe7aa5d6dc62b729
Tidal/2024/11.csv,.csv,1723,fd68894d2cb2df2b1ee316fb9def9711
Tidal/2024/12.csv,.csv,1726,d5db028eb92bbb6b4c84b4c4d550df0a
Tidal/2025-09.csv.crdownload,.crdownload,1725,74fe9e15b803c01dcefe69f4b1e00835
Tidal/2025-13.csv,.csv,0,d41d8cd98f00b204e9800998ecf8427e
Tidal/2025/01.csv,.csv,1724,b632976bd20fac8022eeb852f4b3b7c5
Tidal/2025/02.csv,.csv,1724,bb6288c4bd31b06fd2374c119e685896
Tidal/2025/03.csv,.csv,1726,957507a84ae572163c0a6ce6d3d03677
Tidal/2025/04.csv,.csv,1724,531db30a981fe993337f01a949b42d2e
Tidal/2025/05.csv,.csv,1725,b9bee0cab87a546412e85fcff078ac6a
Tidal/2025/06.csv,.csv,1726,abdc0b6ea40f8fdcb58e14ba2444e866
Tidal/2025/07.csv,.csv,1724,77365ec009782f4ff3a73d16e361fc88
Tidal/2025/08.csv,.csv,1724,d154a4af71ef690435627230e2bc4382
Tidal/2025/09.csv,.csv,1725,74fe9e15b803c01dcefe69f4b1e00835
Tidal/2025/10.csv,.csv,1725,5184f25fde3f32a22d9effd23770d2cf
Tidal/2025/11.csv,.csv,1725,644c0c249d39a1b3131cf2f27de44eff
Tidal/2025/12.csv,.csv,1723,837b294e8f052691f2508e99d8bb6db2
Tidal/Thumbs.db,.db,4,257fe2e0f35dd318d548cb3405ec1bc5
Untitled folder 2/.DS_Store,,9,a6fc46eb15a980911cb10cc336c3a8ec
Untitled folder/.DS_Store,,9,a6fc46eb15a980911cb10cc336c3a8ec
Untitled.pdf,.pdf,303,0b0a1c3c295e1f4b0d707febfa4846c5
Verge Tapes/OrdinaryWeather_2018.pdf,.pdf,3519,6ccca5e1d260c8dec4a089601f1cf614
Verge Tapes/OrdinaryWeather_2019.pdf,.pdf,3521,881a60805f78fd7f147053eb0ea55bb8
Verge Tapes/OrdinaryWeather_2020.pdf,.pdf,3514,142760f5b66b4463edb2bc452731148b
Verge Tapes/OrdinaryWeather_2021.pdf,.pdf,3516,1cff7d39eda1760e8d87d3bc0c4ff69f
Verge Tapes/OrdinaryWeather_2022.pdf,.pdf,3518,4c769e1edd240f4b89e9c07161ff0bff
Verge Tapes/OrdinaryWeather_2023.pdf,.pdf,3499,729fed1b739d4e03d6306c0f8c4df0d1
Verge Tapes/OrdinaryWeather_2024.pdf,.pdf,3517,f322eff8ef16cfb7509aa630a53b2924
VergeTapes_partner_payout_schedule.csv,.csv,652,9dc77bd118cbae2aa311da6797635c21
Vermillion Records (UK)/2018-H1.pdf,.pdf,3958,ef71aa78334783fbeeffdd2bb4a91610
Vermillion Records (UK)/2018-H2.pdf,.pdf,3961,9b40ad742cf94396aa62c40e05609e6e
Vermillion Records (UK)/2019-H1.pdf,.pdf,3949,04f69c09e2fc2a7bdab40adefb56b211
Vermillion Records (UK)/2019-H2.pdf,.pdf,3956,4bb75642d02c62fcc372358665f8f0e0
Vermillion Records (UK)/2020-H1.pdf,.pdf,3956,b1fb97c6c6201459db476187d232e65f
Vermillion Records (UK)/2020-H2.pdf,.pdf,3959,0878b3c8c3007941152884e15cd00f4e
Vermillion Records (UK)/2021-H2.pdf,.pdf,3935,433b7e5ebebe0df71e4cd63f68fae901
Vermillion Records (UK)/2022-H1.pdf,.pdf,3943,d85e3dfc618b3f86ec7120d574461c8e
Vermillion Records (UK)/2022-H2.pdf,.pdf,3946,cf502f98aba5bd06e55b769ea24a35b0
Vermillion Records (UK)/2023-H1.pdf,.pdf,3951,a196366397990e024f7283297a0d84b5
Vermillion Records (UK)/2023-H2.pdf,.pdf,3951,08935023433c4f5f23fd787fbd7675f1
Vermillion Records (UK)/2024-H1.pdf,.pdf,3943,f83793385e58f17719033ac38fc4d8f9
Vermillion Records (UK)/2024-H2.pdf,.pdf,3941,d7c0c86c43a89c67e883b8da60fe6d46
Vermillion Records (UK)/2025-H1.pdf,.pdf,3940,bfd04d1db4434f8b8abfb8d7c93eeb1f
Vermillion Records (UK)/2025-H2.pdf,.pdf,3946,09bdda4dd281878c1c5d231cdd855e73
Z archive DO NOT USE.zip,.zip,24675,5add0b88f430fdb693ba7c8f92781522
Z archive DO NOT USE/MCPS_2018-Q1.pdf,.pdf,19757,cf9552d84275a4e07f1ad248ae7141fd
Z archive DO NOT USE/PPL_2018.pdf,.pdf,4604,5486019cbdf660ef0e09831d00a4d0ce
_attachments_from_lena_FWD,,0,d41d8cd98f00b204e9800998ecf8427e
asahi_2010_legacy.pdf,.pdf,3450,31510b89b84ecfaec31677cc5c134de8
coen_letter_to_marvin_03.png,.png,334756,b8e974ccdd4814a1f0e96719351aafd3
data-room.txt,.txt,0,d41d8cd98f00b204e9800998ecf8427e
demos FROM DEV LAPTOP 2011/TRACKLIST_README.txt,.txt,1209,e740a000d6d3e671596a1995353ac286
fax_in_4-12-01_re_hammond_sample.pdf,.pdf,735806,59989f63057e1cadb60aaa9066b37093
indicative term sheet v3 (post call) FINAL.pdf,.pdf,3289,5f2f227dc6f25ea84278882a237562a2
indicative_term_sheet_DRAFT.pdf,.pdf,3289,5f2f227dc6f25ea84278882a237562a2
indicative_term_sheet_v1_PRE_LOI.pdf,.pdf,3289,5f2f227dc6f25ea84278882a237562a2
jasrac_FY2020_writers_statement_kanji.pdf,.pdf,20820,c59a6fc9f3d409ac4e7e6818e268c40e
lena inbox dump DO NOT DELETE/Attachment_4412.pdf,.pdf,19997,a672bcac606f5982cca61656759dc354
lena inbox dump DO NOT DELETE/Attachment_4413.pdf,.pdf,19833,7002dad8279030aae675465293f966bc
lena inbox dump DO NOT DELETE/Attachment_4414.pdf,.pdf,394812,a10d861196b4c8773f20898a36fc536b
lena_holiday_photo_porto_2022.jpg,.jpg,345,c651e324264a393ac15afe4e132c4475
misc_handwritten_note_petra_2020.jpg,.jpg,316502,854971b6af5c33922496ec6df323d8a2
new folder/.DS_Store,,9,a6fc46eb15a980911cb10cc336c3a8ec
old_notes_2019.txt,.txt,121,223a49202eeabc220078cc096dab5741
petra_thank_you_note_2020.pdf,.pdf,2300,bb8afa84300da20c3ad5f222558b6451
process_letter_May_2026.pdf,.pdf,3104,5583b032bb98d92f7a5e34afd385b093
scan0007.pdf,.pdf,303,0b0a1c3c295e1f4b0d707febfa4846c5
scan_final.pdf,.pdf,345,c651e324264a393ac15afe4e132c4475
socan_q3_2023_resend.pdf,.pdf,20219,6b825c8f3f63435a183b2fb22d90fc23
split_MIG_BELFAST_COLD.pdf,.pdf,3213,85b904bf305eb7e2cc80cb89e8478110
split_MIG_CARRYING_STONES.pdf,.pdf,3215,19d3286519e92b44a331e5ab858fe3cf
split_MIG_DECEMBER_ROOFTOPS.pdf,.pdf,4155,70231fde85b4b31a8acc4f6ceae444e3
split_MIG_HOLLOW_VERGE.pdf,.pdf,3099,20f08b6c151cf0ebc55af8d09bc851f6
split_MIG_LETTERS_FROM_PENZANCE.pdf,.pdf,3122,2ea19dfbf1a21ea25522b482afbd6296
split_MIG_LONG_GLASS.pdf,.pdf,3105,e83957829af5d2145c82c7f4fddc7983
split_MIG_PLAIN_SAINTS.pdf,.pdf,3108,c121256d2d02bcea78b1fa78b4c00826
split_MIG_QUIET_ENGINE (1).pdf,.pdf,3288,df89960414f6464de1a87c77a7e66b0e
split_MIG_QUIET_ENGINE.pdf,.pdf,3527,dcac9cc3863b63c738a7634cbc74e142
split_MIG_TELEGRAPH_HONESTLY.pdf,.pdf,3117,cfefb7c727d4fa539b4599503faf899f
split_MIG_THE_BORROWING.pdf,.pdf,3109,84c12bce7a018b770c6a08db9adfbb1a
split_MIG_THE_MIGRANT_HOUR.pdf,.pdf,3104,a204639f99918b2eaef0bf1fcc924d36
split_PE_ATRIUM_HYMN.pdf,.pdf,3105,93ea70b24b1ef27238bf5f52441b633c
split_PE_A_NORTHERN_MEMORY.pdf,.pdf,3112,01b1c2f2c83e2353e9ce2045be571fbb
split_PE_HALFLIGHT_HALFSONG.pdf,.pdf,3114,424f48a3d32b64756f4c8d1ad99f7515
split_PE_HOLYHEAD.pdf,.pdf,3104,c1d4bedfc862415b1577cbfc9e20d979
split_PE_HUDSON_BROOKLYN.pdf,.pdf,3215,cea3e4f41750476ed4d0ea408201390a
split_PE_PALE_ENGINES.pdf,.pdf,3098,0af3a9245c8d4ba9b97e3afacbbf4b3a
split_PE_SLOW_ENGINE.pdf,.pdf,3260,7a9d2b557a6b9c15139def952dbfb893
split_PE_SLOW_ENGINE_v1_PRELOI.pdf,.pdf,3260,7a9d2b557a6b9c15139def952dbfb893
split_PE_SMALLER_WEATHERS.pdf,.pdf,3110,9a05f2f947203ba662636394a7248273
split_PE_TELEPHONE_SAINTS.pdf,.pdf,3112,f40c223afd06b17303602e7abbccef02
split_PE_THE_ARCHITECT_OF_SLEEP.pdf,.pdf,3117,a67d77d0d88b06de5eea944ffca2baa1
split_PE_WIRES_AND_BONE.pdf,.pdf,3214,9728a64154c827559e6ff7199febffbc
split_SST_CARRIAGEWAY.pdf,.pdf,3215,add8ab1e1bcd2013d8c93a7886d25c9c
split_SST_HUSH_BANDITS.pdf,.pdf,3109,f63ffad0a955d116fa1a8754366c71b8
split_SST_LENT.pdf,.pdf,3210,fab0140b613b20c45dccfa56089d835f
split_SST_PENNINES_SLOWLY.pdf,.pdf,3114,fbf6a58a8d7d61c5ad83818c757f32c3
split_SST_POSTWAR_LIGHT.pdf,.pdf,3219,8dbfc1b56fad62c343e21cb3eef898d8
split_SST_SOFT_STATIC.pdf,.pdf,3209,9e00b125a54f9d995a3382d4824f8af9
split_SST_THE_MARGATE_HUM.pdf,.pdf,3108,f7fb15e07cf9fda999618842422902f2
split_SST_TRAFFORD_MILE.pdf,.pdf,3107,39b9756d23daa978d6d3e4f164fa900d
split_SST_VINEGAR_HILL.pdf,.pdf,3107,78417cec7952da52c55647d750a406a3
split_SST_YEAR_OF_THE_MOUNTAINS.pdf,.pdf,3114,8547813f107f6cc3f37a4fdbdc90e592
tidal_royalty_2020-03.csv,.csv,1728,68ce13243b26a36e437892ccd341f56f
usb_stick_attic_tracklist_TRANSCRIBED.txt,.txt,393,a82c6958a9f2b24a31031fada97d7c75
~$indicative_term_sheet_DRAFT.pdf,.pdf,0,d41d8cd98f00b204e9800998ecf8427e
~$splits_master.xlsx,.xlsx,0,d41d8cd98f00b204e9800998ecf8427e
